CREATE TABLE `companies`
(
  `company_id` int(5)                              NOT NULL,
  `name`       varchar(50) COLLATE utf8_unicode_ci NOT NULL,
  `password`   varchar(50) COLLATE utf8_unicode_ci NOT NULL,
  `email`      varchar(50) CHARACTER SET ucs2      NOT NULL
) ENGINE = InnoDB
  DEFAULT CHARSET = utf8
  COLLATE = utf8_unicode_ci;

--
-- Dumping data for table `companies`
--

INSERT INTO `companies` (`company_id`, `name`, `password`, `email`)
VALUES (1549, 'Osem', '12345', 'admin@osem.com'),
       (2678, 'Nestle', '12345', 'admin@nestle.com'),
       (2777, 'Borer, Fadel and Sporer', 'jkoxi', 'kyra.spencer@yahoo.com'),
       (2778, 'Denesik, Corwin and Runolfsson', 'bddv1', 'raleigh_stracke@yahoo.com'),
       (2779, 'Zieme, Sawayn and Hagenes', '48gce', 'travis.kuhn23@gmail.com'),
       (2780, 'Toy - Torp', 'ye5ga', 'elouise73@hotmail.com'),
       (2781, 'Harber - Dickinson', '6gamn', 'marquis45@gmail.com'),
       (2782, 'Kertzmann - Bode', 'p1bqg', 'esmeralda.gerhold@yahoo.com'),
       (2783, 'Sanford Inc', 'nfuhf', 'torrance.goodwin@yahoo.com'),
       (2784, 'Green, Dickens and Little', 'q0gra', 'shanny_ritchie43@hotmail.com'),
       (2785, 'Wolff - Klocko', 'cae5a', 'helga_johnston45@yahoo.com'),
       (2786, 'Hartmann, Considine and Shields', 'iiqa3', 'jevon_robel@yahoo.com'),
       (2787, 'Schuster - Mayert', 'jq23u', 'marcellus_schiller@yahoo.com'),
       (2788, 'Gleason and Sons', '0h_a4', 'ottilie_walker88@yahoo.com'),
       (2789, 'Torphy, Larson and Raynor', 'xybtp', 'gay.kerluke@gmail.com'),
       (2790, 'Hammes Inc', 'ahyfd', 'vivienne24@hotmail.com'),
       (2791, 'Jones and Sons', 'nef7g', 'vito_fisher@yahoo.com'),
       (2792, 'Mayer and Sons', 'wf20e', 'zoila_hane@hotmail.com'),
       (2793, 'Runolfsson - Torphy', 'kokty', 'marshall.swift85@gmail.com'),
       (2794, 'Doyle - Swaniawski', 'pxnvh', 'celine.auer82@gmail.com'),
       (2795, 'Auer - West', 'fjvph', 'shirley_kiehn38@hotmail.com'),
       (2796, 'Leannon LLC', '_cnco', 'keely92@gmail.com'),
       (2797, 'Rippin and Sons', 'ssp4w', 'arch_satterfield@yahoo.com'),
       (2798, 'Reilly Inc', 'vjy15', 'ezra_jakubowski42@hotmail.com'),
       (2799, 'Spencer, Gerhold and Hyatt', 'w88nw', 'ilene.schmeler97@gmail.com'),
       (2800, 'Kunze - Lueilwitz', 'kkbix', 'melyssa.johnson87@hotmail.com'),
       (2801, 'Reynolds, Reinger and Thompson', 'xhgkx', 'amber.bosco@hotmail.com'),
       (2802, 'Kuhic, Windler and Price', 'vq6me', 'gay.abbott@gmail.com'),
       (2803, 'Kuvalis - Zieme', 'yf6ia', 'jessie_ondricka69@yahoo.com'),
       (2804, 'Keebler - Terry', '2h1yb', 'nayeli1@hotmail.com'),
       (2805, 'Kessler - Dickens', 'ky02j', 'mollie_ledner@yahoo.com'),
       (2806, 'Ledner and Sons', 'qabpw', 'charity_larkin36@yahoo.com'),
       (2807, 'Sawayn, Altenwerth and Casper', 'zwivy', 'bridie19@gmail.com'),
       (2808, 'Braun - Schaefer', 'z3xz3', 'willis_will@yahoo.com'),
       (2809, 'Christiansen, Fritsch and Hahn', 'gsxn5', 'germaine.schulist2@hotmail.com'),
       (2810, 'Mosciski LLC', '6mhrd', 'chance_senger@gmail.com'),
       (2811, 'Bogisich - Boehm', 'tmf9j', 'ted_stroman@yahoo.com'),
       (2812, 'West and Sons', 'jkkr7', 'eliseo_schultz@yahoo.com'),
       (2813, 'Satterfield, Wuckert and Bartell', 'vasxr', 'josie_schumm@hotmail.com'),
       (2814, 'Schumm, Macejkovic and King', '2aos3', 'magnus.dietrich35@hotmail.com'),
       (2815, 'Price Group', '6qzwd', 'shaun.koss@hotmail.com'),
       (2816, 'Harvey Group', '6kwla', 'erich.lynch22@gmail.com'),
       (2817, 'Ferry, Cartwright and Upton', 'ivlkn', 'kory_rodriguez73@gmail.com'),
       (2818, 'Lueilwitz - Cruickshank', 'bva1h', 'afton_ernser@hotmail.com'),
       (2819, 'Grimes - Graham', 'mlc1r', 'roma.jenkins@hotmail.com'),
       (2820, 'Dickens - Ebert', 'uc8ph', 'jefferey33@hotmail.com'),
       (2821, 'Olson - Raynor', 'uxkgh', 'elvis70@hotmail.com'),
       (2822, 'Bogisich - Mosciski', 'sfg2r', 'lily_mcglynn@gmail.com'),
       (2823, 'Little and Sons', 'gr1nx', 'ezra.mante@yahoo.com'),
       (2824, 'Ortiz Inc', 'rmtku', 'eugenia48@yahoo.com'),
       (2825, 'Eichmann - Koch', 'h7gto', 'lonie_schulist@gmail.com'),
       (2826, 'Pollich, Kuvalis and Pfeffer', 'vxteg', 'elyssa73@yahoo.com'),
       (2827, 'McCullough - Fadel', 'k8asa', 'domenick.herzog11@yahoo.com'),
       (2828, 'Murray - Brekke', 'vlzkm', 'polly_kihn@gmail.com'),
       (2829, 'Sporer, Weissnat and Kutch', 'rupmw', 'juliana.rohan@yahoo.com'),
       (2830, 'Bayer - Hodkiewicz', '56mov', 'kavon21@yahoo.com'),
       (2831, 'Jacobson Group', 'genax', 'marcelina7@gmail.com'),
       (2832, 'Morissette - Hirthe', '3hum9', 'augustine_goodwin@gmail.com'),
       (2833, 'Wilkinson, Kerluke and Pollich', 'nhsdm', 'reggie_anderson@yahoo.com'),
       (2834, 'Harvey - Gutkowski', 'cunfl', 'everett.welch39@gmail.com'),
       (2835, 'Wehner LLC', 'ep88r', 'chelsey.emard28@yahoo.com'),
       (2836, 'Stroman, Kreiger and Adams', '6bqo5', 'kirstin3@yahoo.com'),
       (2837, 'Moore, Huels and Lowe', '8wxab', 'wendell_prohaska@gmail.com'),
       (2838, 'Homenick Inc', 'k81ug', 'lindsay88@yahoo.com'),
       (2839, 'Olson - Roberts', '_nahz', 'vallie52@gmail.com'),
       (2840, 'Sawayn - Donnelly', 'cv1cw', 'karley29@gmail.com'),
       (2841, 'Haley - Rolfson', 'k9vux', 'hilario.ledner@yahoo.com'),
       (2842, 'Braun - Daugherty', 'nndo_', 'brenden38@gmail.com'),
       (2843, 'Deckow - Stoltenberg', 'cg7vu', 'maximilian.gleason@hotmail.com'),
       (2844, 'Hermiston, Shanahan and Heller', 'h5zaf', 'oswaldo_casper31@hotmail.com'),
       (2845, 'Torphy - Schmeler', 'xo_5w', 'glennie_franecki@yahoo.com'),
       (2846, 'Borer - Jacobi', 'vcl40', 'justen.aufderhar@yahoo.com'),
       (2847, 'Satterfield - Legros', 'kyvkw', 'theodore.kessler60@yahoo.com'),
       (2848, 'Price, Barrows and Howe', 'k7oem', 'quinn.wuckert@gmail.com'),
       (2849, 'MacGyver, Ankunding and West', 'enyxv', 'oda_reinger76@hotmail.com'),
       (2850, 'Roob, MacGyver and Hyatt', 'zzcqc', 'silas85@gmail.com'),
       (2851, 'Medhurst - Altenwerth', 'hjrnp', 'ernestina82@hotmail.com'),
       (2852, 'Kunze - Wolff', 'jludl', 'elody_volkman@hotmail.com'),
       (2853, 'Runolfsdottir Inc', '6zqr8', 'madeline50@gmail.com'),
       (2854, 'Parisian - Leannon', 'qhzjy', 'cortez_dubuque@gmail.com'),
       (2855, 'Gerlach - Kautzer', 'lzqew', 'cordie.wisozk@yahoo.com'),
       (2856, 'Ortiz Group', '6uzuo', 'lydia.durgan@gmail.com'),
       (2857, 'Daniel, Hartmann and Ritchie', 'eljlm', 'jane.tromp53@gmail.com'),
       (2858, 'Jones - Hirthe', 'z4ooz', 'pedro_gutmann@gmail.com'),
       (2859, 'Crooks, Schiller and Barrows', '_tacy', 'margot.schmidt99@gmail.com'),
       (2860, 'Conn Inc', 'os3gw', 'bettye_harber19@gmail.com'),
       (2861, 'Roberts, Koss and Lockman', 'kek2a', 'olga18@yahoo.com'),
       (2862, 'Aufderhar and Sons', 'jb0sw', 'moshe_kutch@hotmail.com'),
       (2863, 'Sipes, Yost and Lebsack', 'l2tqr', 'francesca.johnston@hotmail.com'),
       (2864, 'Lebsack, Reilly and Reichel', 'ix_fp', 'frankie_hackett84@hotmail.com'),
       (2865, 'Kunde - Reilly', 'yxymr', 'jessyca17@hotmail.com'),
       (2866, 'Veum, Schaden and Murphy', 'gjppw', 'frieda.franecki@hotmail.com'),
       (2867, 'Auer - Hessel', 'cu5pl', 'chaim15@hotmail.com'),
       (2868, 'Legros - Rodriguez', '0iomr', 'mariela_beahan45@gmail.com'),
       (2869, 'Morar, Corkery and Wiegand', 'c6kwh', 'isabelle.hudson@yahoo.com'),
       (2870, 'Gleichner, Lesch and Schowalter', 'mmhr5', 'larry_weimann@hotmail.com'),
       (2871, 'Runte Group', 'v7fwi', 'judy.padberg@yahoo.com'),
       (2872, 'Nicolas LLC', 'lf4hn', 'johnathon.kuhn33@gmail.com'),
       (2873, 'Predovic - Murphy', '2vfoi', 'rebecca71@gmail.com'),
       (2874, 'Rogahn - Bartoletti', 'v7rpf', 'brycen_harber@hotmail.com'),
       (2875, 'Anderson Group', '4wmvx', 'delia.wilkinson97@hotmail.com'),
       (2876, 'Halvorson - Bode', 'tyvpy', 'brandon47@gmail.com'),
       (2877, 'Considine - Hamill', 'pxrja', 'berta_okuneva45@gmail.com'),
       (2878, 'Kshlerin Group', 'zldfh', 'bridie_rosenbaum@yahoo.com'),
       (2879, 'Johns Inc', 'oyte9', 'jakayla.cartwright@gmail.com'),
       (2880, 'Ritchie - Will', '7gw43', 'deron.christiansen39@yahoo.com'),
       (2881, 'Johnson Group', 'py7ob', 'nicolette.bergstrom@hotmail.com'),
       (2882, 'Blick - Kuvalis', 'ktskq', 'rosalinda.wiegand11@yahoo.com'),
       (2883, 'Rosenbaum, Feest and Strosin', 'lajiw', 'ralph.goyette43@gmail.com'),
       (2884, 'Orn, Braun and Deckow', 'jky4l', 'jaclyn_kling@yahoo.com'),
       (2885, 'Quitzon Group', '79ulr', 'kailee95@yahoo.com'),
       (2886, 'McCullough, Sauer and Reynolds', 'fsal0', 'patrick.yost@yahoo.com'),
       (2887, 'Brekke - Gislason', 'e0_r9', 'enid_trantow70@gmail.com'),
       (2888, 'Gislason and Sons', 'iip82', 'antonetta90@yahoo.com'),
       (2889, 'Douglas Inc', 'nne05', 'osborne.wiegand29@gmail.com'),
       (2890, 'Herman Group', 'cmdtr', 'will.haag42@yahoo.com'),
       (2891, 'Wiza, Anderson and Treutel', 'pwuo_', 'douglas16@gmail.com'),
       (2892, 'Schinner LLC', '_k2eh', 'rey.kuphal@yahoo.com'),
       (2893, 'Stehr, Rippin and Hilpert', 'hcw9n', 'stanford_tromp@gmail.com'),
       (2894, 'MacGyver Inc', 'ahiyr', 'joey.ratke@gmail.com'),
       (2895, 'Block - Larkin', 'sywyu', 'jessyca8@gmail.com'),
       (2896, 'Klein - Metz', 'fat3t', 'verla67@gmail.com'),
       (2897, 'Yundt - Stracke', 'e8zgt', 'chasity92@yahoo.com'),
       (2898, 'Weber and Sons', 'fwopq', 'dana.sauer@yahoo.com'),
       (2899, 'Turcotte, Kuhlman and Hills', 'ajtjd', 'antonietta_quitzon@gmail.com'),
       (2900, 'Pacocha and Sons', 'yxidb', 'paris.ratke@gmail.com'),
       (2901, 'Towne - Morar', 'xahi3', 'reyna_prosacco40@yahoo.com'),
       (2902, 'Heidenreich Group', '1eyjz', 'wilbert_graham@gmail.com'),
       (2903, 'Terry and Sons', 'ce8dv', 'keshaun92@hotmail.com'),
       (2904, 'Breitenberg - Hahn', 'dluga', 'summer.mertz60@yahoo.com'),
       (2905, 'Quitzon - Metz', 'oh_gk', 'harmony21@hotmail.com'),
       (2906, 'Stamm Inc', 'sugiy', 'amelia_waelchi@gmail.com'),
       (2907, 'Kulas, Ullrich and Gutkowski', 'i3p25', 'rogelio.prohaska@gmail.com'),
       (2908, 'Skiles Group', 'nfkkq', 'aron84@gmail.com'),
       (2909, 'Littel Group', 'scwpc', 'dorris12@gmail.com'),
       (2910, 'Gerhold LLC', 'nuqeu', 'jaron99@hotmail.com'),
       (2911, 'Mosciski, Runolfsdottir and Kemmer', 'yxqbx', 'petra.feest67@gmail.com'),
       (2912, 'Hilpert - Stark', 'uutyv', 'hester57@gmail.com'),
       (2913, 'Schmeler Inc', 'tl1ew', 'waino_gerlach@yahoo.com'),
       (2914, 'Franecki LLC', 'tlh1d', 'maritza_bosco10@gmail.com'),
       (2915, 'Schneider - Funk', 'xvian', 'durward_sanford@hotmail.com'),
       (2916, 'Wintheiser - Mertz', 'ed9ts', 'dasia_crooks85@gmail.com'),
       (2917, 'Turcotte Inc', 'b1bgm', 'tianna.prosacco@yahoo.com'),
       (2918, 'Kerluke - Padberg', 'q9bjl', 'casandra74@hotmail.com'),
       (2919, 'Grant - Bradtke', 'uevst', 'simeon.hartmann@yahoo.com'),
       (2920, 'Waelchi - Trantow', '_opqv', 'christiana88@hotmail.com'),
       (2921, 'Weber, Berge and Abbott', 'gxllz', 'consuelo_nikolaus70@hotmail.com'),
       (2922, 'Kohler - Jerde', '0y4fh', 'efren_jacobs27@yahoo.com'),
       (2923, 'Cartwright Inc', '68ktf', 'maybelle_rolfson@hotmail.com'),
       (2924, 'Carroll Group', 'zeptd', 'jayson1@yahoo.com'),
       (2925, 'Block, Klein and Bernier', '3jonc', 'ramiro.hintz20@gmail.com'),
       (2926, 'Hane - Fay', 'eqpa7', 'orlando35@hotmail.com'),
       (2927, 'Hoeger Group', 'cz2qa', 'quinten6@yahoo.com'),
       (2928, 'Padberg, Gerlach and Greenfelder', 'f_4vb', 'jenifer67@gmail.com'),
       (2929, 'Spencer - Crona', 'pr3nf', 'yesenia.lehner30@yahoo.com'),
       (2930, 'Berge - Greenfelder', 'nxjeq', 'payton70@gmail.com'),
       (2931, 'VonRueden - Boyer', 'obgas', 'etha16@yahoo.com'),
       (2932, 'Schroeder - Franecki', 'r312s', 'helena_friesen@hotmail.com'),
       (2933, 'Schiller, Hudson and Bogan', 'mhf4d', 'elise_jast82@gmail.com'),
       (2934, 'Gislason - Kertzmann', 'bqa6f', 'arnaldo_doyle@hotmail.com'),
       (2935, 'Koss, Conroy and Beahan', 'g1vfb', 'meaghan_donnelly22@yahoo.com'),
       (2936, 'Bailey, Cronin and Mills', 'cydki', 'kirsten_jenkins@yahoo.com'),
       (2937, 'Kassulke - Hartmann', 'omepj', 'amari30@yahoo.com'),
       (2938, 'Gerhold - Hammes', '8mfmp', 'shaun.gusikowski48@yahoo.com'),
       (2939, 'Walker - Nolan', 'qdxjy', 'verda.murazik75@hotmail.com'),
       (2940, 'Bradtke Inc', '4p6ta', 'icie.shanahan2@hotmail.com'),
       (2941, 'Haley, Morar and Lockman', 'qlbdk', 'dora68@gmail.com'),
       (2942, 'Gulgowski - Schmitt', 'zbmum', 'ericka_hills90@yahoo.com'),
       (2943, 'Wilderman, Kirlin and Terry', 'gqg0h', 'breanne.padberg@hotmail.com'),
       (2944, 'Runolfsson and Sons', 'fxdan', 'winona_mccullough@gmail.com'),
       (2945, 'Smith LLC', 'uuva_', 'dariana_jacobson@hotmail.com'),
       (2946, 'Stiedemann, Mertz and Gorczany', 'btwbo', 'belle57@gmail.com'),
       (2947, 'Fisher - Hirthe', 'j0thy', 'jerry_gerhold@yahoo.com'),
       (2948, 'Witting Inc', 'v5bky', 'veronica_simonis@yahoo.com'),
       (2949, 'Gibson - Witting', 'ibc9c', 'greg_boyle78@hotmail.com'),
       (2950, 'Hirthe Inc', 'qthne', 'wilfrid_bruen@hotmail.com'),
       (2951, 'Wehner - Bergnaum', 'dhblz', 'bernardo_ondricka@gmail.com'),
       (2952, 'Herman and Sons', 'tcqaq', 'malinda.stoltenberg2@yahoo.com'),
       (2953, 'Flatley - Kulas', '61c99', 'sandy51@gmail.com'),
       (2954, 'Schmidt - Prohaska', '5trnd', 'mathilde_wolf91@yahoo.com'),
       (2955, 'Batz - Balistreri', 'hskn_', 'nathen_kilback@hotmail.com'),
       (2956, 'Kozey - Lindgren', 'rjnkt', 'maci_weissnat@hotmail.com'),
       (2957, 'Morissette - Kautzer', 'yct_h', 'kayli.vandervort12@yahoo.com'),
       (2958, 'Bailey, Beer and Carroll', 'oyj1b', 'ellis_damore@yahoo.com'),
       (2959, 'Witting, White and Kerluke', 'zvloy', 'mozell30@hotmail.com'),
       (2960, 'Beer, Ferry and McGlynn', 'd5qaz', 'marina.walker80@hotmail.com'),
       (2961, 'Rosenbaum, Donnelly and Lang', 'l24zy', 'theo96@hotmail.com'),
       (2962, 'Boehm, Jakubowski and Mills', 'e4mm_', 'fredy.blick54@hotmail.com'),
       (2963, 'Witting, Funk and Ritchie', 'efwqc', 'cleve_lowe28@yahoo.com'),
       (2964, 'Tromp and Sons', 'axprz', 'laron.kilback54@gmail.com'),
       (2965, 'Labadie, Crooks and Ernser', 'lm6at', 'shyann34@yahoo.com'),
       (2966, 'Heller Inc', '14wq1', 'susanna_rath97@yahoo.com'),
       (2967, 'Grady - Muller', 'idd19', 'nedra.macgyver@gmail.com'),
       (2968, 'Dare - Buckridge', 'spsqg', 'hans.reynolds@gmail.com');

-- --------------------------------------------------------

--
-- Table structure for table `company_coupon`
--

CREATE TABLE `company_coupon`
(
  `company_id` int(5) NOT NULL,
  `coupon_id`  int(5) NOT NULL
) ENGINE = InnoDB
  DEFAULT CHARSET = utf8
  COLLATE = utf8_unicode_ci;

--
-- Dumping data for table `company_coupon`
--

INSERT INTO `company_coupon` (`company_id`, `coupon_id`)
VALUES (2678, 871),
       (2678, 943),
       (2678, 1059),
       (2678, 1069),
       (2678, 1077),
       (2678, 1083),
       (2678, 1106),
       (2678, 1113),
       (2678, 1119),
       (2678, 1138),
       (2678, 1140),
       (2777, 1048),
       (2777, 1051),
       (2777, 1055),
       (2777, 1065),
       (2777, 1067),
       (2777, 1072),
       (2777, 1079),
       (2777, 1083),
       (2777, 1084),
       (2777, 1085),
       (2777, 1088),
       (2777, 1102),
       (2777, 1104),
       (2777, 1107),
       (2777, 1112),
       (2777, 1118),
       (2777, 1122),
       (2777, 1134),
       (2777, 1135),
       (2777, 1139),
       (2778, 871),
       (2778, 943),
       (2778, 1047),
       (2778, 1066),
       (2778, 1068),
       (2778, 1075),
       (2778, 1077),
       (2778, 1084),
       (2778, 1094),
       (2778, 1098),
       (2778, 1100),
       (2778, 1103),
       (2778, 1112),
       (2778, 1114),
       (2778, 1132),
       (2778, 1135),
       (2778, 1137),
       (2778, 1138),
       (2778, 1139),
       (2778, 1140),
       (2781, 1054),
       (2781, 1060),
       (2781, 1067),
       (2781, 1071),
       (2781, 1075),
       (2781, 1078),
       (2781, 1082),
       (2781, 1084),
       (2781, 1086),
       (2781, 1093),
       (2781, 1094),
       (2781, 1101),
       (2781, 1104),
       (2781, 1113),
       (2781, 1115),
       (2781, 1116),
       (2781, 1118),
       (2781, 1122),
       (2781, 1136),
       (2781, 1139),
       (2782, 871),
       (2782, 1048),
       (2782, 1063),
       (2782, 1076),
       (2782, 1083),
       (2782, 1090),
       (2782, 1095),
       (2782, 1097),
       (2782, 1101),
       (2782, 1108),
       (2782, 1109),
       (2782, 1115),
       (2782, 1116),
       (2782, 1119),
       (2782, 1121),
       (2782, 1124),
       (2782, 1125),
       (2782, 1126),
       (2782, 1136),
       (2782, 1140),
       (2784, 1046),
       (2784, 1050),
       (2784, 1052),
       (2784, 1066),
       (2784, 1067),
       (2784, 1071),
       (2784, 1074),
       (2784, 1077),
       (2784, 1079),
       (2784, 1103),
       (2784, 1106),
       (2784, 1110),
       (2784, 1111),
       (2784, 1112),
       (2784, 1117),
       (2784, 1123),
       (2784, 1135),
       (2784, 1137),
       (2784, 1139),
       (2784, 1140),
       (2786, 871),
       (2786, 1051),
       (2786, 1054),
       (2786, 1057),
       (2786, 1058),
       (2786, 1064),
       (2786, 1066),
       (2786, 1078),
       (2786, 1082),
       (2786, 1084),
       (2786, 1087),
       (2786, 1099),
       (2786, 1109),
       (2786, 1119),
       (2786, 1122),
       (2786, 1123),
       (2786, 1130),
       (2786, 1131),
       (2786, 1132),
       (2786, 1137),
       (2788, 871),
       (2788, 1045),
       (2788, 1058),
       (2788, 1061),
       (2788, 1070),
       (2788, 1073),
       (2788, 1083),
       (2788, 1089),
       (2788, 1092),
       (2788, 1096),
       (2788, 1105),
       (2788, 1106),
       (2788, 1107),
       (2788, 1115),
       (2788, 1117),
       (2788, 1122),
       (2788, 1125),
       (2788, 1127),
       (2788, 1141),
       (2788, 1142),
       (2790, 871),
       (2790, 943),
       (2790, 1046),
       (2790, 1058),
       (2790, 1063),
       (2790, 1067),
       (2790, 1069),
       (2790, 1070),
       (2790, 1090),
       (2790, 1092),
       (2790, 1093),
       (2790, 1099),
       (2790, 1109),
       (2790, 1114),
       (2790, 1118),
       (2790, 1123),
       (2790, 1126),
       (2790, 1128),
       (2790, 1130),
       (2790, 1135),
       (2791, 1044),
       (2791, 1050),
       (2791, 1051),
       (2791, 1055),
       (2791, 1065),
       (2791, 1072),
       (2791, 1085),
       (2791, 1086),
       (2791, 1087),
       (2791, 1089),
       (2791, 1093),
       (2791, 1095),
       (2791, 1111),
       (2791, 1112),
       (2791, 1113),
       (2791, 1115),
       (2791, 1122),
       (2791, 1130),
       (2791, 1131),
       (2791, 1133),
       (2792, 1045),
       (2792, 1064),
       (2792, 1066),
       (2792, 1068),
       (2792, 1069),
       (2792, 1075),
       (2792, 1077),
       (2792, 1080),
       (2792, 1082),
       (2792, 1084),
       (2792, 1086),
       (2792, 1088),
       (2792, 1092),
       (2792, 1097),
       (2792, 1099),
       (2792, 1103),
       (2792, 1108),
       (2792, 1135),
       (2792, 1141),
       (2792, 1142),
       (2794, 943),
       (2794, 1053),
       (2794, 1056),
       (2794, 1057),
       (2794, 1064),
       (2794, 1066),
       (2794, 1079),
       (2794, 1081),
       (2794, 1083),
       (2794, 1087),
       (2794, 1090),
       (2794, 1091),
       (2794, 1096),
       (2794, 1101),
       (2794, 1122),
       (2794, 1126),
       (2794, 1128),
       (2794, 1131),
       (2794, 1138),
       (2794, 1143),
       (2795, 871),
       (2795, 1050),
       (2795, 1055),
       (2795, 1056),
       (2795, 1059),
       (2795, 1063),
       (2795, 1066),
       (2795, 1071),
       (2795, 1073),
       (2795, 1074),
       (2795, 1078),
       (2795, 1080),
       (2795, 1084),
       (2795, 1090),
       (2795, 1105),
       (2795, 1122),
       (2795, 1129),
       (2795, 1133),
       (2795, 1135),
       (2795, 1143),
       (2796, 1045),
       (2796, 1046),
       (2796, 1051),
       (2796, 1052),
       (2796, 1063),
       (2796, 1072),
       (2796, 1075),
       (2796, 1076),
       (2796, 1082),
       (2796, 1083),
       (2796, 1094),
       (2796, 1101),
       (2796, 1103),
       (2796, 1106),
       (2796, 1114),
       (2796, 1115),
       (2796, 1123),
       (2796, 1132),
       (2796, 1136),
       (2796, 1142),
       (2800, 871),
       (2800, 1046),
       (2800, 1061),
       (2800, 1063),
       (2800, 1068),
       (2800, 1069),
       (2800, 1076),
       (2800, 1080),
       (2800, 1081),
       (2800, 1096),
       (2800, 1100),
       (2800, 1101),
       (2800, 1104),
       (2800, 1105),
       (2800, 1113),
       (2800, 1116),
       (2800, 1117),
       (2800, 1123),
       (2800, 1126),
       (2800, 1139),
       (2802, 1045),
       (2802, 1048),
       (2802, 1052),
       (2802, 1054),
       (2802, 1055),
       (2802, 1056),
       (2802, 1066),
       (2802, 1090),
       (2802, 1094),
       (2802, 1095),
       (2802, 1097),
       (2802, 1099),
       (2802, 1100),
       (2802, 1101),
       (2802, 1102),
       (2802, 1115),
       (2802, 1118),
       (2802, 1126),
       (2802, 1128),
       (2802, 1135),
       (2803, 871),
       (2803, 1049),
       (2803, 1060),
       (2803, 1063),
       (2803, 1067),
       (2803, 1074),
       (2803, 1075),
       (2803, 1086),
       (2803, 1087),
       (2803, 1088),
       (2803, 1091),
       (2803, 1099),
       (2803, 1104),
       (2803, 1107),
       (2803, 1110),
       (2803, 1113),
       (2803, 1116),
       (2803, 1118),
       (2803, 1119),
       (2803, 1138),
       (2804, 1049),
       (2804, 1053),
       (2804, 1055),
       (2804, 1060),
       (2804, 1063),
       (2804, 1067),
       (2804, 1073),
       (2804, 1076),
       (2804, 1094),
       (2804, 1098),
       (2804, 1103),
       (2804, 1105),
       (2804, 1106),
       (2804, 1117),
       (2804, 1118),
       (2804, 1128),
       (2804, 1129),
       (2804, 1130),
       (2804, 1140),
       (2804, 1141),
       (2805, 871),
       (2805, 943),
       (2805, 1044),
       (2805, 1046),
       (2805, 1047),
       (2805, 1058),
       (2805, 1068),
       (2805, 1079),
       (2805, 1080),
       (2805, 1085),
       (2805, 1086),
       (2805, 1087),
       (2805, 1101),
       (2805, 1103),
       (2805, 1107),
       (2805, 1115),
       (2805, 1117),
       (2805, 1128),
       (2805, 1129),
       (2805, 1135),
       (2806, 871),
       (2806, 1046),
       (2806, 1050),
       (2806, 1056),
       (2806, 1057),
       (2806, 1062),
       (2806, 1063),
       (2806, 1065),
       (2806, 1067),
       (2806, 1068),
       (2806, 1069),
       (2806, 1073),
       (2806, 1082),
       (2806, 1088),
       (2806, 1112),
       (2806, 1124),
       (2806, 1130),
       (2806, 1133),
       (2806, 1134),
       (2806, 1141),
       (2808, 943),
       (2808, 1050),
       (2808, 1055),
       (2808, 1061),
       (2808, 1064),
       (2808, 1075),
       (2808, 1077),
       (2808, 1080),
       (2808, 1081),
       (2808, 1087),
       (2808, 1090),
       (2808, 1094),
       (2808, 1100),
       (2808, 1103),
       (2808, 1104),
       (2808, 1115),
       (2808, 1125),
       (2808, 1130),
       (2808, 1131),
       (2808, 1137),
       (2809, 943),
       (2809, 1050),
       (2809, 1053),
       (2809, 1061),
       (2809, 1063),
       (2809, 1066),
       (2809, 1068),
       (2809, 1083),
       (2809, 1086),
       (2809, 1088),
       (2809, 1091),
       (2809, 1093),
       (2809, 1098),
       (2809, 1100),
       (2809, 1119),
       (2809, 1128),
       (2809, 1133),
       (2809, 1135),
       (2809, 1139),
       (2809, 1141),
       (2810, 1044),
       (2810, 1047),
       (2810, 1061),
       (2810, 1064),
       (2810, 1065),
       (2810, 1066),
       (2810, 1076),
       (2810, 1082),
       (2810, 1084),
       (2810, 1087),
       (2810, 1093),
       (2810, 1095),
       (2810, 1097),
       (2810, 1102),
       (2810, 1103),
       (2810, 1107),
       (2810, 1118),
       (2810, 1121),
       (2810, 1123),
       (2810, 1124),
       (2811, 943),
       (2811, 1051),
       (2811, 1055),
       (2811, 1056),
       (2811, 1060),
       (2811, 1073),
       (2811, 1075),
       (2811, 1086),
       (2811, 1091),
       (2811, 1098),
       (2811, 1099),
       (2811, 1102),
       (2811, 1105),
       (2811, 1110),
       (2811, 1112),
       (2811, 1117),
       (2811, 1119),
       (2811, 1123),
       (2811, 1128),
       (2811, 1133),
       (2816, 1056),
       (2816, 1059),
       (2816, 1061),
       (2816, 1064),
       (2816, 1069),
       (2816, 1076),
       (2816, 1087),
       (2816, 1095),
       (2816, 1099),
       (2816, 1105),
       (2816, 1106),
       (2816, 1107),
       (2816, 1108),
       (2816, 1116),
       (2816, 1120),
       (2816, 1124),
       (2816, 1126),
       (2816, 1130),
       (2816, 1138),
       (2816, 1141),
       (2817, 1047),
       (2817, 1053),
       (2817, 1058),
       (2817, 1062),
       (2817, 1066),
       (2817, 1075),
       (2817, 1091),
       (2817, 1092),
       (2817, 1103),
       (2817, 1107),
       (2817, 1111),
       (2817, 1112),
       (2817, 1113),
       (2817, 1115),
       (2817, 1123),
       (2817, 1126),
       (2817, 1132),
       (2817, 1134),
       (2817, 1137),
       (2817, 1138),
       (2818, 1058),
       (2818, 1064),
       (2818, 1070),
       (2818, 1072),
       (2818, 1074),
       (2818, 1075),
       (2818, 1078),
       (2818, 1079),
       (2818, 1080),
       (2818, 1092),
       (2818, 1095),
       (2818, 1097),
       (2818, 1100),
       (2818, 1120),
       (2818, 1124),
       (2818, 1125),
       (2818, 1128),
       (2818, 1137),
       (2818, 1138),
       (2818, 1142),
       (2819, 871),
       (2819, 943),
       (2819, 1046),
       (2819, 1054),
       (2819, 1057),
       (2819, 1058),
       (2819, 1061),
       (2819, 1064),
       (2819, 1071),
       (2819, 1074),
       (2819, 1075),
       (2819, 1083),
       (2819, 1092),
       (2819, 1097),
       (2819, 1102),
       (2819, 1105),
       (2819, 1112),
       (2819, 1113),
       (2819, 1119),
       (2819, 1134),
       (2820, 1046),
       (2820, 1048),
       (2820, 1054),
       (2820, 1058),
       (2820, 1060),
       (2820, 1069),
       (2820, 1077),
       (2820, 1084),
       (2820, 1086),
       (2820, 1098),
       (2820, 1102),
       (2820, 1103),
       (2820, 1120),
       (2820, 1125),
       (2820, 1128),
       (2820, 1129),
       (2820, 1138),
       (2820, 1139),
       (2820, 1140),
       (2820, 1143),
       (2822, 871),
       (2822, 1054),
       (2822, 1067),
       (2822, 1080),
       (2822, 1082),
       (2822, 1095),
       (2822, 1103),
       (2822, 1109),
       (2822, 1112),
       (2822, 1113),
       (2822, 1120),
       (2822, 1121),
       (2822, 1126),
       (2822, 1127),
       (2822, 1131),
       (2822, 1133),
       (2822, 1134),
       (2822, 1137),
       (2822, 1140),
       (2822, 1141),
       (2823, 943),
       (2823, 1049),
       (2823, 1057),
       (2823, 1069),
       (2823, 1072),
       (2823, 1073),
       (2823, 1082),
       (2823, 1095),
       (2823, 1100),
       (2823, 1102),
       (2823, 1103),
       (2823, 1110),
       (2823, 1115),
       (2823, 1116),
       (2823, 1120),
       (2823, 1121),
       (2823, 1132),
       (2823, 1136),
       (2823, 1139),
       (2823, 1142),
       (2825, 1044),
       (2825, 1054),
       (2825, 1057),
       (2825, 1061),
       (2825, 1063),
       (2825, 1067),
       (2825, 1068),
       (2825, 1070),
       (2825, 1074),
       (2825, 1075),
       (2825, 1076),
       (2825, 1082),
       (2825, 1083),
       (2825, 1088),
       (2825, 1089),
       (2825, 1105),
       (2825, 1115),
       (2825, 1117),
       (2825, 1125),
       (2825, 1131),
       (2827, 1052),
       (2827, 1056),
       (2827, 1061),
       (2827, 1063),
       (2827, 1066),
       (2827, 1067),
       (2827, 1072),
       (2827, 1073),
       (2827, 1084),
       (2827, 1088),
       (2827, 1092),
       (2827, 1096),
       (2827, 1104),
       (2827, 1111),
       (2827, 1112),
       (2827, 1125),
       (2827, 1126),
       (2827, 1131),
       (2827, 1137),
       (2827, 1139),
       (2828, 1048),
       (2828, 1049),
       (2828, 1052),
       (2828, 1055),
       (2828, 1058),
       (2828, 1064),
       (2828, 1077),
       (2828, 1078),
       (2828, 1088),
       (2828, 1090),
       (2828, 1093),
       (2828, 1096),
       (2828, 1097),
       (2828, 1100),
       (2828, 1102),
       (2828, 1105),
       (2828, 1108),
       (2828, 1109),
       (2828, 1116),
       (2828, 1124),
       (2830, 943),
       (2830, 1044),
       (2830, 1051),
       (2830, 1053),
       (2830, 1056),
       (2830, 1057),
       (2830, 1062),
       (2830, 1064),
       (2830, 1072),
       (2830, 1075),
       (2830, 1076),
       (2830, 1084),
       (2830, 1085),
       (2830, 1087),
       (2830, 1091),
       (2830, 1095),
       (2830, 1099),
       (2830, 1101),
       (2830, 1118),
       (2830, 1142),
       (2831, 871),
       (2831, 1049),
       (2831, 1050),
       (2831, 1057),
       (2831, 1064),
       (2831, 1065),
       (2831, 1078),
       (2831, 1087),
       (2831, 1090),
       (2831, 1095),
       (2831, 1101),
       (2831, 1103),
       (2831, 1107),
       (2831, 1116),
       (2831, 1123),
       (2831, 1127),
       (2831, 1133),
       (2831, 1137),
       (2831, 1139),
       (2831, 1143),
       (2832, 943),
       (2832, 1049),
       (2832, 1056),
       (2832, 1059),
       (2832, 1060),
       (2832, 1064),
       (2832, 1073),
       (2832, 1076),
       (2832, 1080),
       (2832, 1084),
       (2832, 1087),
       (2832, 1102),
       (2832, 1103),
       (2832, 1105),
       (2832, 1107),
       (2832, 1126),
       (2832, 1132),
       (2832, 1139),
       (2832, 1141),
       (2832, 1143),
       (2834, 943),
       (2834, 1049),
       (2834, 1051),
       (2834, 1054),
       (2834, 1067),
       (2834, 1070),
       (2834, 1071),
       (2834, 1074),
       (2834, 1076),
       (2834, 1078),
       (2834, 1096),
       (2834, 1098),
       (2834, 1102),
       (2834, 1103),
       (2834, 1107),
       (2834, 1110),
       (2834, 1111),
       (2834, 1118),
       (2834, 1119),
       (2834, 1134),
       (2837, 871),
       (2837, 1044),
       (2837, 1047),
       (2837, 1049),
       (2837, 1056),
       (2837, 1065),
       (2837, 1066),
       (2837, 1069),
       (2837, 1073),
       (2837, 1074),
       (2837, 1080),
       (2837, 1081),
       (2837, 1082),
       (2837, 1083),
       (2837, 1100),
       (2837, 1103),
       (2837, 1107),
       (2837, 1130),
       (2837, 1137),
       (2837, 1142),
       (2838, 943),
       (2838, 1044),
       (2838, 1048),
       (2838, 1056),
       (2838, 1060),
       (2838, 1063),
       (2838, 1065),
       (2838, 1066),
       (2838, 1069),
       (2838, 1075),
       (2838, 1085),
       (2838, 1089),
       (2838, 1096),
       (2838, 1097),
       (2838, 1098),
       (2838, 1099),
       (2838, 1108),
       (2838, 1111),
       (2838, 1113),
       (2838, 1130),
       (2841, 1052),
       (2841, 1053),
       (2841, 1054),
       (2841, 1060),
       (2841, 1068),
       (2841, 1076),
       (2841, 1083),
       (2841, 1090),
       (2841, 1097),
       (2841, 1098),
       (2841, 1100),
       (2841, 1101),
       (2841, 1104),
       (2841, 1105),
       (2841, 1106),
       (2841, 1107),
       (2841, 1112),
       (2841, 1113),
       (2841, 1124),
       (2841, 1137),
       (2842, 1060),
       (2842, 1066),
       (2842, 1069),
       (2842, 1076),
       (2842, 1078),
       (2842, 1079),
       (2842, 1080),
       (2842, 1081),
       (2842, 1092),
       (2842, 1096),
       (2842, 1102),
       (2842, 1104),
       (2842, 1106),
       (2842, 1108),
       (2842, 1110),
       (2842, 1115),
       (2842, 1118),
       (2842, 1125),
       (2842, 1140),
       (2842, 1143),
       (2843, 1047),
       (2843, 1048),
       (2843, 1049),
       (2843, 1058),
       (2843, 1059),
       (2843, 1065),
       (2843, 1073),
       (2843, 1077),
       (2843, 1082),
       (2843, 1090),
       (2843, 1094),
       (2843, 1097),
       (2843, 1100),
       (2843, 1101),
       (2843, 1115),
       (2843, 1119),
       (2843, 1123),
       (2843, 1126),
       (2843, 1139),
       (2843, 1142),
       (2844, 1046),
       (2844, 1060),
       (2844, 1066),
       (2844, 1067),
       (2844, 1079),
       (2844, 1083),
       (2844, 1090),
       (2844, 1091),
       (2844, 1093),
       (2844, 1096),
       (2844, 1102),
       (2844, 1105),
       (2844, 1111),
       (2844, 1112),
       (2844, 1114),
       (2844, 1116),
       (2844, 1122),
       (2844, 1129),
       (2844, 1135),
       (2844, 1138),
       (2846, 1046),
       (2846, 1048),
       (2846, 1049),
       (2846, 1052),
       (2846, 1053),
       (2846, 1059),
       (2846, 1064),
       (2846, 1066),
       (2846, 1070),
       (2846, 1076),
       (2846, 1078),
       (2846, 1089),
       (2846, 1099),
       (2846, 1100),
       (2846, 1109),
       (2846, 1112),
       (2846, 1115),
       (2846, 1121),
       (2846, 1139),
       (2846, 1142),
       (2849, 1044),
       (2849, 1053),
       (2849, 1055),
       (2849, 1067),
       (2849, 1070),
       (2849, 1079),
       (2849, 1085),
       (2849, 1086),
       (2849, 1087),
       (2849, 1099),
       (2849, 1107),
       (2849, 1112),
       (2849, 1117),
       (2849, 1119),
       (2849, 1120),
       (2849, 1124),
       (2849, 1128),
       (2849, 1132),
       (2849, 1138),
       (2849, 1141),
       (2851, 1050),
       (2851, 1051),
       (2851, 1054),
       (2851, 1056),
       (2851, 1071),
       (2851, 1075),
       (2851, 1077),
       (2851, 1079),
       (2851, 1090),
       (2851, 1091),
       (2851, 1092),
       (2851, 1093),
       (2851, 1107),
       (2851, 1112),
       (2851, 1129),
       (2851, 1131),
       (2851, 1132),
       (2851, 1134),
       (2851, 1136),
       (2851, 1139),
       (2852, 1054),
       (2852, 1059),
       (2852, 1060),
       (2852, 1072),
       (2852, 1080),
       (2852, 1082),
       (2852, 1085),
       (2852, 1086),
       (2852, 1087),
       (2852, 1092),
       (2852, 1102),
       (2852, 1106),
       (2852, 1114),
       (2852, 1117),
       (2852, 1119),
       (2852, 1122),
       (2852, 1125),
       (2852, 1129),
       (2852, 1134),
       (2852, 1139),
       (2855, 1044),
       (2855, 1047),
       (2855, 1050),
       (2855, 1051),
       (2855, 1057),
       (2855, 1065),
       (2855, 1072),
       (2855, 1091),
       (2855, 1094),
       (2855, 1096),
       (2855, 1100),
       (2855, 1105),
       (2855, 1109),
       (2855, 1112),
       (2855, 1113),
       (2855, 1121),
       (2855, 1125),
       (2855, 1134),
       (2855, 1136),
       (2855, 1138),
       (2857, 1047),
       (2857, 1050),
       (2857, 1058),
       (2857, 1078),
       (2857, 1091),
       (2857, 1092),
       (2857, 1099),
       (2857, 1100),
       (2857, 1104),
       (2857, 1107),
       (2857, 1108),
       (2857, 1121),
       (2857, 1123),
       (2857, 1124),
       (2857, 1133),
       (2857, 1135),
       (2857, 1136),
       (2857, 1138),
       (2857, 1140),
       (2857, 1143),
       (2858, 1046),
       (2858, 1050),
       (2858, 1054),
       (2858, 1059),
       (2858, 1062),
       (2858, 1063),
       (2858, 1070),
       (2858, 1073),
       (2858, 1077),
       (2858, 1082),
       (2858, 1086),
       (2858, 1090),
       (2858, 1105),
       (2858, 1108),
       (2858, 1110),
       (2858, 1112),
       (2858, 1114),
       (2858, 1118),
       (2858, 1123),
       (2858, 1139),
       (2859, 943),
       (2859, 1046),
       (2859, 1055),
       (2859, 1071),
       (2859, 1081),
       (2859, 1082),
       (2859, 1085),
       (2859, 1094),
       (2859, 1095),
       (2859, 1096),
       (2859, 1098),
       (2859, 1099),
       (2859, 1103),
       (2859, 1109),
       (2859, 1113),
       (2859, 1114),
       (2859, 1116),
       (2859, 1118),
       (2859, 1130),
       (2859, 1134),
       (2860, 943),
       (2860, 1044),
       (2860, 1053),
       (2860, 1058),
       (2860, 1059),
       (2860, 1063),
       (2860, 1066),
       (2860, 1073),
       (2860, 1074),
       (2860, 1080),
       (2860, 1098),
       (2860, 1102),
       (2860, 1105),
       (2860, 1111),
       (2860, 1118),
       (2860, 1119),
       (2860, 1125),
       (2860, 1127),
       (2860, 1129),
       (2860, 1138),
       (2862, 871),
       (2862, 1044),
       (2862, 1046),
       (2862, 1050),
       (2862, 1058),
       (2862, 1059),
       (2862, 1063),
       (2862, 1067),
       (2862, 1069),
       (2862, 1075),
       (2862, 1086),
       (2862, 1087),
       (2862, 1091),
       (2862, 1093),
       (2862, 1094),
       (2862, 1097),
       (2862, 1115),
       (2862, 1123),
       (2862, 1131),
       (2862, 1137),
       (2864, 943),
       (2864, 1045),
       (2864, 1046),
       (2864, 1049),
       (2864, 1050),
       (2864, 1060),
       (2864, 1065),
       (2864, 1068),
       (2864, 1079),
       (2864, 1085),
       (2864, 1097),
       (2864, 1100),
       (2864, 1104),
       (2864, 1109),
       (2864, 1111),
       (2864, 1118),
       (2864, 1127),
       (2864, 1130),
       (2864, 1135),
       (2864, 1142),
       (2865, 871),
       (2865, 1044),
       (2865, 1050),
       (2865, 1051),
       (2865, 1052),
       (2865, 1058),
       (2865, 1067),
       (2865, 1072),
       (2865, 1075),
       (2865, 1098),
       (2865, 1102),
       (2865, 1108),
       (2865, 1122),
       (2865, 1123),
       (2865, 1126),
       (2865, 1127),
       (2865, 1128),
       (2865, 1135),
       (2865, 1140),
       (2865, 1143),
       (2867, 1044),
       (2867, 1046),
       (2867, 1047),
       (2867, 1060),
       (2867, 1071),
       (2867, 1074),
       (2867, 1085),
       (2867, 1087),
       (2867, 1090),
       (2867, 1099),
       (2867, 1102),
       (2867, 1108),
       (2867, 1117),
       (2867, 1120),
       (2867, 1123),
       (2867, 1132),
       (2867, 1135),
       (2867, 1136),
       (2867, 1138),
       (2867, 1142),
       (2868, 871),
       (2868, 1064),
       (2868, 1070),
       (2868, 1072),
       (2868, 1074),
       (2868, 1079),
       (2868, 1085),
       (2868, 1093),
       (2868, 1096),
       (2868, 1103),
       (2868, 1109),
       (2868, 1116),
       (2868, 1117),
       (2868, 1126),
       (2868, 1129),
       (2868, 1136),
       (2868, 1138),
       (2868, 1140),
       (2868, 1142),
       (2868, 1143),
       (2869, 1047),
       (2869, 1049),
       (2869, 1054),
       (2869, 1055),
       (2869, 1058),
       (2869, 1062),
       (2869, 1087),
       (2869, 1088),
       (2869, 1096),
       (2869, 1101),
       (2869, 1104),
       (2869, 1108),
       (2869, 1110),
       (2869, 1115),
       (2869, 1116),
       (2869, 1127),
       (2869, 1128),
       (2869, 1134),
       (2869, 1136),
       (2869, 1141),
       (2870, 871),
       (2870, 1045),
       (2870, 1046),
       (2870, 1048),
       (2870, 1053),
       (2870, 1054),
       (2870, 1059),
       (2870, 1077),
       (2870, 1078),
       (2870, 1097),
       (2870, 1112),
       (2870, 1114),
       (2870, 1121),
       (2870, 1122),
       (2870, 1124),
       (2870, 1128),
       (2870, 1135),
       (2870, 1136),
       (2870, 1138),
       (2870, 1142),
       (2875, 1055),
       (2875, 1058),
       (2875, 1060),
       (2875, 1064),
       (2875, 1067),
       (2875, 1068),
       (2875, 1070),
       (2875, 1075),
       (2875, 1086),
       (2875, 1098),
       (2875, 1100),
       (2875, 1109),
       (2875, 1113),
       (2875, 1118),
       (2875, 1119),
       (2875, 1121),
       (2875, 1126),
       (2875, 1127),
       (2875, 1140),
       (2875, 1143),
       (2876, 1046),
       (2876, 1053),
       (2876, 1060),
       (2876, 1066),
       (2876, 1078),
       (2876, 1081),
       (2876, 1083),
       (2876, 1086),
       (2876, 1089),
       (2876, 1090),
       (2876, 1091),
       (2876, 1093),
       (2876, 1097),
       (2876, 1102),
       (2876, 1115),
       (2876, 1130),
       (2876, 1131),
       (2876, 1135),
       (2876, 1138),
       (2876, 1142),
       (2877, 1047),
       (2877, 1055),
       (2877, 1071),
       (2877, 1073),
       (2877, 1074),
       (2877, 1076),
       (2877, 1078),
       (2877, 1083),
       (2877, 1095),
       (2877, 1099),
       (2877, 1100),
       (2877, 1102),
       (2877, 1112),
       (2877, 1123),
       (2877, 1130),
       (2877, 1136),
       (2877, 1138),
       (2877, 1139),
       (2877, 1140),
       (2877, 1142),
       (2878, 871),
       (2878, 1044),
       (2878, 1046),
       (2878, 1056),
       (2878, 1057),
       (2878, 1060),
       (2878, 1064),
       (2878, 1072),
       (2878, 1074),
       (2878, 1078),
       (2878, 1080),
       (2878, 1085),
       (2878, 1100),
       (2878, 1101),
       (2878, 1103),
       (2878, 1107),
       (2878, 1114),
       (2878, 1136),
       (2878, 1140),
       (2878, 1142),
       (2879, 1046),
       (2879, 1054),
       (2879, 1055),
       (2879, 1057),
       (2879, 1060),
       (2879, 1067),
       (2879, 1070),
       (2879, 1073),
       (2879, 1074),
       (2879, 1084),
       (2879, 1094),
       (2879, 1095),
       (2879, 1101),
       (2879, 1104),
       (2879, 1107),
       (2879, 1116),
       (2879, 1123),
       (2879, 1134),
       (2879, 1135),
       (2879, 1138),
       (2881, 1049),
       (2881, 1053),
       (2881, 1062),
       (2881, 1066),
       (2881, 1067),
       (2881, 1072),
       (2881, 1086),
       (2881, 1089),
       (2881, 1093),
       (2881, 1098),
       (2881, 1099),
       (2881, 1102),
       (2881, 1103),
       (2881, 1111),
       (2881, 1113),
       (2881, 1115),
       (2881, 1116),
       (2881, 1120),
       (2881, 1136),
       (2881, 1140),
       (2882, 943),
       (2882, 1046),
       (2882, 1050),
       (2882, 1055),
       (2882, 1056),
       (2882, 1061),
       (2882, 1065),
       (2882, 1084),
       (2882, 1104),
       (2882, 1105),
       (2882, 1113),
       (2882, 1117),
       (2882, 1119),
       (2882, 1120),
       (2882, 1122),
       (2882, 1123),
       (2882, 1124),
       (2882, 1130),
       (2882, 1140),
       (2882, 1143),
       (2886, 943),
       (2886, 1047),
       (2886, 1048),
       (2886, 1051),
       (2886, 1052),
       (2886, 1054),
       (2886, 1058),
       (2886, 1059),
       (2886, 1077),
       (2886, 1085),
       (2886, 1094),
       (2886, 1102),
       (2886, 1112),
       (2886, 1113),
       (2886, 1116),
       (2886, 1120),
       (2886, 1122),
       (2886, 1129),
       (2886, 1131),
       (2886, 1141),
       (2887, 1048),
       (2887, 1052),
       (2887, 1057),
       (2887, 1058),
       (2887, 1061),
       (2887, 1067),
       (2887, 1068),
       (2887, 1069),
       (2887, 1072),
       (2887, 1083),
       (2887, 1090),
       (2887, 1110),
       (2887, 1114),
       (2887, 1121),
       (2887, 1126),
       (2887, 1127),
       (2887, 1135),
       (2887, 1136),
       (2887, 1139),
       (2887, 1142),
       (2888, 943),
       (2888, 1046),
       (2888, 1047),
       (2888, 1053),
       (2888, 1064),
       (2888, 1069),
       (2888, 1074),
       (2888, 1088),
       (2888, 1092),
       (2888, 1095),
       (2888, 1098),
       (2888, 1102),
       (2888, 1103),
       (2888, 1105),
       (2888, 1106),
       (2888, 1123),
       (2888, 1131),
       (2888, 1134),
       (2888, 1139),
       (2888, 1143),
       (2889, 943),
       (2889, 1048),
       (2889, 1051),
       (2889, 1052),
       (2889, 1053),
       (2889, 1056),
       (2889, 1061),
       (2889, 1066),
       (2889, 1069),
       (2889, 1080),
       (2889, 1085),
       (2889, 1090),
       (2889, 1091),
       (2889, 1099),
       (2889, 1100),
       (2889, 1106),
       (2889, 1109),
       (2889, 1115),
       (2889, 1126),
       (2889, 1127),
       (2890, 1049),
       (2890, 1051),
       (2890, 1052),
       (2890, 1056),
       (2890, 1059),
       (2890, 1069),
       (2890, 1074),
       (2890, 1075),
       (2890, 1084),
       (2890, 1085),
       (2890, 1092),
       (2890, 1103),
       (2890, 1108),
       (2890, 1109),
       (2890, 1115),
       (2890, 1116),
       (2890, 1128),
       (2890, 1132),
       (2890, 1133),
       (2890, 1141),
       (2894, 1047),
       (2894, 1048),
       (2894, 1049),
       (2894, 1051),
       (2894, 1068),
       (2894, 1069),
       (2894, 1070),
       (2894, 1081),
       (2894, 1093),
       (2894, 1097),
       (2894, 1098),
       (2894, 1099),
       (2894, 1100),
       (2894, 1113),
       (2894, 1116),
       (2894, 1123),
       (2894, 1129),
       (2894, 1133),
       (2894, 1137),
       (2894, 1139),
       (2895, 943),
       (2895, 1044),
       (2895, 1052),
       (2895, 1053),
       (2895, 1060),
       (2895, 1073),
       (2895, 1076),
       (2895, 1082),
       (2895, 1084),
       (2895, 1086),
       (2895, 1091),
       (2895, 1094),
       (2895, 1108),
       (2895, 1109),
       (2895, 1111),
       (2895, 1119),
       (2895, 1125),
       (2895, 1128),
       (2895, 1133),
       (2895, 1142),
       (2896, 943),
       (2896, 1044),
       (2896, 1051),
       (2896, 1057),
       (2896, 1064),
       (2896, 1065),
       (2896, 1066),
       (2896, 1074),
       (2896, 1085),
       (2896, 1086),
       (2896, 1090),
       (2896, 1091),
       (2896, 1095),
       (2896, 1106),
       (2896, 1112),
       (2896, 1113),
       (2896, 1115),
       (2896, 1121),
       (2896, 1124),
       (2896, 1140),
       (2902, 871),
       (2902, 1053),
       (2902, 1057),
       (2902, 1060),
       (2902, 1061),
       (2902, 1063),
       (2902, 1072),
       (2902, 1074),
       (2902, 1078),
       (2902, 1079),
       (2902, 1084),
       (2902, 1087),
       (2902, 1091),
       (2902, 1102),
       (2902, 1106),
       (2902, 1111),
       (2902, 1116),
       (2902, 1125),
       (2902, 1129),
       (2902, 1139),
       (2904, 943),
       (2904, 1052),
       (2904, 1058),
       (2904, 1062),
       (2904, 1069),
       (2904, 1073),
       (2904, 1076),
       (2904, 1078),
       (2904, 1086),
       (2904, 1089),
       (2904, 1103),
       (2904, 1104),
       (2904, 1105),
       (2904, 1108),
       (2904, 1112),
       (2904, 1113),
       (2904, 1117),
       (2904, 1127),
       (2904, 1135),
       (2904, 1136),
       (2907, 1047),
       (2907, 1051),
       (2907, 1054),
       (2907, 1057),
       (2907, 1061),
       (2907, 1062),
       (2907, 1068),
       (2907, 1070),
       (2907, 1071),
       (2907, 1074),
       (2907, 1078),
       (2907, 1086),
       (2907, 1088),
       (2907, 1100),
       (2907, 1108),
       (2907, 1119),
       (2907, 1120),
       (2907, 1138),
       (2907, 1139),
       (2907, 1140),
       (2909, 1045),
       (2909, 1059),
       (2909, 1064),
       (2909, 1071),
       (2909, 1073),
       (2909, 1081),
       (2909, 1083),
       (2909, 1084),
       (2909, 1085),
       (2909, 1093),
       (2909, 1102),
       (2909, 1107),
       (2909, 1110),
       (2909, 1111),
       (2909, 1113),
       (2909, 1118),
       (2909, 1122),
       (2909, 1135),
       (2909, 1136),
       (2909, 1142),
       (2910, 871),
       (2910, 1046),
       (2910, 1047),
       (2910, 1064),
       (2910, 1066),
       (2910, 1071),
       (2910, 1074),
       (2910, 1079),
       (2910, 1081),
       (2910, 1085),
       (2910, 1102),
       (2910, 1105),
       (2910, 1115),
       (2910, 1119),
       (2910, 1120),
       (2910, 1124),
       (2910, 1127),
       (2910, 1128),
       (2910, 1135),
       (2910, 1141),
       (2911, 871),
       (2911, 943),
       (2911, 1048),
       (2911, 1053),
       (2911, 1055),
       (2911, 1062),
       (2911, 1078),
       (2911, 1084),
       (2911, 1094),
       (2911, 1105),
       (2911, 1115),
       (2911, 1117),
       (2911, 1118),
       (2911, 1121),
       (2911, 1128),
       (2911, 1131),
       (2911, 1132),
       (2911, 1134),
       (2911, 1135),
       (2911, 1136),
       (2912, 1046),
       (2912, 1047),
       (2912, 1051),
       (2912, 1054),
       (2912, 1056),
       (2912, 1058),
       (2912, 1065),
       (2912, 1069),
       (2912, 1071),
       (2912, 1072),
       (2912, 1073),
       (2912, 1082),
       (2912, 1094),
       (2912, 1097),
       (2912, 1115),
       (2912, 1117),
       (2912, 1118),
       (2912, 1125),
       (2912, 1126),
       (2912, 1137),
       (2914, 871),
       (2914, 1053),
       (2914, 1069),
       (2914, 1074),
       (2914, 1078),
       (2914, 1081),
       (2914, 1082),
       (2914, 1088),
       (2914, 1092),
       (2914, 1098),
       (2914, 1099),
       (2914, 1100),
       (2914, 1102),
       (2914, 1103),
       (2914, 1109),
       (2914, 1120),
       (2914, 1125),
       (2914, 1139),
       (2914, 1140),
       (2914, 1141),
       (2918, 871),
       (2918, 1045),
       (2918, 1046),
       (2918, 1047),
       (2918, 1049),
       (2918, 1056),
       (2918, 1057),
       (2918, 1066),
       (2918, 1067),
       (2918, 1091),
       (2918, 1095),
       (2918, 1101),
       (2918, 1114),
       (2918, 1120),
       (2918, 1123),
       (2918, 1126),
       (2918, 1128),
       (2918, 1134),
       (2918, 1140),
       (2918, 1141),
       (2919, 871),
       (2919, 1056),
       (2919, 1063),
       (2919, 1065),
       (2919, 1082),
       (2919, 1086),
       (2919, 1090),
       (2919, 1102),
       (2919, 1106),
       (2919, 1110),
       (2919, 1111),
       (2919, 1118),
       (2919, 1120),
       (2919, 1123),
       (2919, 1124),
       (2919, 1127),
       (2919, 1128),
       (2919, 1129),
       (2919, 1133),
       (2919, 1143),
       (2922, 1047),
       (2922, 1049),
       (2922, 1055),
       (2922, 1058),
       (2922, 1060),
       (2922, 1072),
       (2922, 1079),
       (2922, 1080),
       (2922, 1081),
       (2922, 1083),
       (2922, 1090),
       (2922, 1097),
       (2922, 1098),
       (2922, 1100),
       (2922, 1101),
       (2922, 1102),
       (2922, 1107),
       (2922, 1110),
       (2922, 1122),
       (2922, 1129),
       (2923, 943),
       (2923, 1046),
       (2923, 1059),
       (2923, 1061),
       (2923, 1062),
       (2923, 1066),
       (2923, 1067),
       (2923, 1069),
       (2923, 1073),
       (2923, 1076),
       (2923, 1092),
       (2923, 1098),
       (2923, 1113),
       (2923, 1114),
       (2923, 1115),
       (2923, 1124),
       (2923, 1125),
       (2923, 1136),
       (2923, 1138),
       (2923, 1139),
       (2924, 1050),
       (2924, 1051),
       (2924, 1054),
       (2924, 1055),
       (2924, 1061),
       (2924, 1067),
       (2924, 1073),
       (2924, 1074),
       (2924, 1079),
       (2924, 1083),
       (2924, 1097),
       (2924, 1099),
       (2924, 1100),
       (2924, 1109),
       (2924, 1113),
       (2924, 1115),
       (2924, 1135),
       (2924, 1137),
       (2924, 1139),
       (2924, 1141),
       (2925, 1046),
       (2925, 1051),
       (2925, 1055),
       (2925, 1065),
       (2925, 1077),
       (2925, 1090),
       (2925, 1095),
       (2925, 1097),
       (2925, 1101),
       (2925, 1102),
       (2925, 1104),
       (2925, 1111),
       (2925, 1116),
       (2925, 1123),
       (2925, 1125),
       (2925, 1126),
       (2925, 1130),
       (2925, 1132),
       (2925, 1136),
       (2925, 1142),
       (2926, 943),
       (2926, 1047),
       (2926, 1051),
       (2926, 1053),
       (2926, 1058),
       (2926, 1067),
       (2926, 1075),
       (2926, 1077),
       (2926, 1078),
       (2926, 1087),
       (2926, 1089),
       (2926, 1096),
       (2926, 1101),
       (2926, 1109),
       (2926, 1120),
       (2926, 1121),
       (2926, 1122),
       (2926, 1134),
       (2926, 1138),
       (2926, 1140),
       (2927, 1044),
       (2927, 1047),
       (2927, 1053),
       (2927, 1061),
       (2927, 1062),
       (2927, 1069),
       (2927, 1074),
       (2927, 1081),
       (2927, 1086),
       (2927, 1087),
       (2927, 1093),
       (2927, 1100),
       (2927, 1107),
       (2927, 1108),
       (2927, 1113),
       (2927, 1116),
       (2927, 1120),
       (2927, 1124),
       (2927, 1125),
       (2927, 1137),
       (2930, 1044),
       (2930, 1047),
       (2930, 1053),
       (2930, 1056),
       (2930, 1059),
       (2930, 1061),
       (2930, 1063),
       (2930, 1070),
       (2930, 1076),
       (2930, 1078),
       (2930, 1081),
       (2930, 1083),
       (2930, 1084),
       (2930, 1086),
       (2930, 1096),
       (2930, 1100),
       (2930, 1104),
       (2930, 1120),
       (2930, 1135),
       (2930, 1137),
       (2934, 1050),
       (2934, 1055),
       (2934, 1064),
       (2934, 1070),
       (2934, 1071),
       (2934, 1072),
       (2934, 1073),
       (2934, 1076),
       (2934, 1091),
       (2934, 1096),
       (2934, 1102),
       (2934, 1104),
       (2934, 1109),
       (2934, 1115),
       (2934, 1117),
       (2934, 1121),
       (2934, 1129),
       (2934, 1131),
       (2934, 1132),
       (2934, 1133),
       (2935, 943),
       (2935, 1051),
       (2935, 1054),
       (2935, 1059),
       (2935, 1066),
       (2935, 1070),
       (2935, 1072),
       (2935, 1075),
       (2935, 1076),
       (2935, 1088),
       (2935, 1092),
       (2935, 1094),
       (2935, 1095),
       (2935, 1097),
       (2935, 1100),
       (2935, 1103),
       (2935, 1111),
       (2935, 1122),
       (2935, 1126),
       (2935, 1142),
       (2936, 1045),
       (2936, 1051),
       (2936, 1062),
       (2936, 1064),
       (2936, 1066),
       (2936, 1067),
       (2936, 1068),
       (2936, 1072),
       (2936, 1075),
       (2936, 1090),
       (2936, 1097),
       (2936, 1113),
       (2936, 1114),
       (2936, 1119),
       (2936, 1121),
       (2936, 1123),
       (2936, 1126),
       (2936, 1131),
       (2936, 1141),
       (2936, 1143),
       (2937, 1044),
       (2937, 1056),
       (2937, 1064),
       (2937, 1066),
       (2937, 1073),
       (2937, 1080),
       (2937, 1084),
       (2937, 1087),
       (2937, 1091),
       (2937, 1102),
       (2937, 1104),
       (2937, 1105),
       (2937, 1108),
       (2937, 1112),
       (2937, 1115),
       (2937, 1119),
       (2937, 1121),
       (2937, 1126),
       (2937, 1135),
       (2937, 1137),
       (2938, 1050),
       (2938, 1052),
       (2938, 1056),
       (2938, 1062),
       (2938, 1066),
       (2938, 1067),
       (2938, 1072),
       (2938, 1085),
       (2938, 1086),
       (2938, 1090),
       (2938, 1100),
       (2938, 1104),
       (2938, 1105),
       (2938, 1106),
       (2938, 1110),
       (2938, 1119),
       (2938, 1127),
       (2938, 1128),
       (2938, 1131),
       (2938, 1136),
       (2940, 1046),
       (2940, 1047),
       (2940, 1048),
       (2940, 1050),
       (2940, 1070),
       (2940, 1081),
       (2940, 1084),
       (2940, 1085),
       (2940, 1086),
       (2940, 1087),
       (2940, 1103),
       (2940, 1104),
       (2940, 1105),
       (2940, 1113),
       (2940, 1120),
       (2940, 1123),
       (2940, 1132),
       (2940, 1133),
       (2940, 1135),
       (2940, 1139),
       (2941, 1044),
       (2941, 1054),
       (2941, 1061),
       (2941, 1062),
       (2941, 1064),
       (2941, 1069),
       (2941, 1076),
       (2941, 1082),
       (2941, 1084),
       (2941, 1085),
       (2941, 1087),
       (2941, 1088),
       (2941, 1090),
       (2941, 1095),
       (2941, 1106),
       (2941, 1108),
       (2941, 1110),
       (2941, 1119),
       (2941, 1131),
       (2941, 1133),
       (2942, 1055),
       (2942, 1058),
       (2942, 1061),
       (2942, 1064),
       (2942, 1067),
       (2942, 1070),
       (2942, 1071),
       (2942, 1073),
       (2942, 1074),
       (2942, 1085),
       (2942, 1088),
       (2942, 1093),
       (2942, 1103),
       (2942, 1111),
       (2942, 1113),
       (2942, 1118),
       (2942, 1121),
       (2942, 1123),
       (2942, 1135),
       (2942, 1142),
       (2947, 1049),
       (2947, 1052),
       (2947, 1056),
       (2947, 1057),
       (2947, 1059),
       (2947, 1062),
       (2947, 1064),
       (2947, 1066),
       (2947, 1070),
       (2947, 1085),
       (2947, 1089),
       (2947, 1092),
       (2947, 1103),
       (2947, 1107),
       (2947, 1125),
       (2947, 1128),
       (2947, 1129),
       (2947, 1140),
       (2947, 1141),
       (2947, 1143),
       (2949, 1049),
       (2949, 1054),
       (2949, 1055),
       (2949, 1060),
       (2949, 1067),
       (2949, 1069),
       (2949, 1070),
       (2949, 1074),
       (2949, 1082),
       (2949, 1083),
       (2949, 1090),
       (2949, 1097),
       (2949, 1100),
       (2949, 1101),
       (2949, 1102),
       (2949, 1103),
       (2949, 1108),
       (2949, 1118),
       (2949, 1120),
       (2949, 1141),
       (2950, 1044),
       (2950, 1046),
       (2950, 1047),
       (2950, 1065),
       (2950, 1066),
       (2950, 1071),
       (2950, 1074),
       (2950, 1079),
       (2950, 1082),
       (2950, 1084),
       (2950, 1088),
       (2950, 1091),
       (2950, 1096),
       (2950, 1108),
       (2950, 1115),
       (2950, 1117),
       (2950, 1130),
       (2950, 1132),
       (2950, 1133),
       (2950, 1137),
       (2952, 1044),
       (2952, 1045),
       (2952, 1047),
       (2952, 1059),
       (2952, 1069),
       (2952, 1071),
       (2952, 1077),
       (2952, 1079),
       (2952, 1093),
       (2952, 1095),
       (2952, 1099),
       (2952, 1106),
       (2952, 1109),
       (2952, 1111),
       (2952, 1112),
       (2952, 1119),
       (2952, 1120),
       (2952, 1128),
       (2952, 1132),
       (2952, 1143),
       (2953, 871),
       (2953, 1054),
       (2953, 1055),
       (2953, 1059),
       (2953, 1062),
       (2953, 1068),
       (2953, 1073),
       (2953, 1076),
       (2953, 1078),
       (2953, 1085),
       (2953, 1090),
       (2953, 1100),
       (2953, 1109),
       (2953, 1114),
       (2953, 1121),
       (2953, 1123),
       (2953, 1124),
       (2953, 1127),
       (2953, 1132),
       (2953, 1136),
       (2955, 1048),
       (2955, 1057),
       (2955, 1060),
       (2955, 1062),
       (2955, 1066),
       (2955, 1071),
       (2955, 1076),
       (2955, 1087),
       (2955, 1088),
       (2955, 1093),
       (2955, 1095),
       (2955, 1110),
       (2955, 1112),
       (2955, 1114),
       (2955, 1115),
       (2955, 1116),
       (2955, 1126),
       (2955, 1130),
       (2955, 1132),
       (2955, 1138),
       (2956, 943),
       (2956, 1045),
       (2956, 1048),
       (2956, 1049),
       (2956, 1054),
       (2956, 1060),
       (2956, 1065),
       (2956, 1078),
       (2956, 1081),
       (2956, 1086),
       (2956, 1093),
       (2956, 1107),
       (2956, 1119),
       (2956, 1120),
       (2956, 1127),
       (2956, 1129),
       (2956, 1131),
       (2956, 1137),
       (2956, 1139),
       (2956, 1140),
       (2957, 1054),
       (2957, 1056),
       (2957, 1065),
       (2957, 1066),
       (2957, 1067),
       (2957, 1068),
       (2957, 1073),
       (2957, 1077),
       (2957, 1084),
       (2957, 1089),
       (2957, 1090),
       (2957, 1107),
       (2957, 1118),
       (2957, 1123),
       (2957, 1126),
       (2957, 1128),
       (2957, 1130),
       (2957, 1133),
       (2957, 1141),
       (2957, 1142),
       (2958, 1045),
       (2958, 1049),
       (2958, 1059),
       (2958, 1061),
       (2958, 1067),
       (2958, 1069),
       (2958, 1076),
       (2958, 1090),
       (2958, 1098),
       (2958, 1105),
       (2958, 1106),
       (2958, 1109),
       (2958, 1121),
       (2958, 1124),
       (2958, 1125),
       (2958, 1128),
       (2958, 1130),
       (2958, 1131),
       (2958, 1140),
       (2958, 1141),
       (2960, 1065),
       (2960, 1068),
       (2960, 1074),
       (2960, 1077),
       (2960, 1080),
       (2960, 1084),
       (2960, 1090),
       (2960, 1091),
       (2960, 1092),
       (2960, 1093),
       (2960, 1097),
       (2960, 1099),
       (2960, 1101),
       (2960, 1104),
       (2960, 1108),
       (2960, 1111),
       (2960, 1118),
       (2960, 1124),
       (2960, 1132),
       (2960, 1138),
       (2962, 943),
       (2962, 1052),
       (2962, 1057),
       (2962, 1058),
       (2962, 1062),
       (2962, 1064),
       (2962, 1072),
       (2962, 1081),
       (2962, 1084),
       (2962, 1088),
       (2962, 1093),
       (2962, 1096),
       (2962, 1098),
       (2962, 1107),
       (2962, 1112),
       (2962, 1119),
       (2962, 1122),
       (2962, 1127),
       (2962, 1128),
       (2962, 1135),
       (2965, 1044),
       (2965, 1045),
       (2965, 1054),
       (2965, 1055),
       (2965, 1061),
       (2965, 1065),
       (2965, 1071),
       (2965, 1077),
       (2965, 1087),
       (2965, 1090),
       (2965, 1097),
       (2965, 1101),
       (2965, 1103),
       (2965, 1107),
       (2965, 1110),
       (2965, 1112),
       (2965, 1115),
       (2965, 1119),
       (2965, 1123),
       (2965, 1131),
       (2966, 1044),
       (2966, 1051),
       (2966, 1059),
       (2966, 1064),
       (2966, 1065),
       (2966, 1069),
       (2966, 1081),
       (2966, 1085),
       (2966, 1089),
       (2966, 1094),
       (2966, 1095),
       (2966, 1098),
       (2966, 1099),
       (2966, 1100),
       (2966, 1101),
       (2966, 1107),
       (2966, 1127),
       (2966, 1129),
       (2966, 1130),
       (2966, 1142),
       (2967, 1047),
       (2967, 1048),
       (2967, 1056),
       (2967, 1069),
       (2967, 1072),
       (2967, 1076),
       (2967, 1078),
       (2967, 1081),
       (2967, 1082),
       (2967, 1091),
       (2967, 1092),
       (2967, 1093),
       (2967, 1096),
       (2967, 1098),
       (2967, 1100),
       (2967, 1109),
       (2967, 1120),
       (2967, 1124),
       (2967, 1128),
       (2967, 1132),
       (2968, 943),
       (2968, 1047),
       (2968, 1051),
       (2968, 1062),
       (2968, 1071),
       (2968, 1073),
       (2968, 1075),
       (2968, 1077),
       (2968, 1084),
       (2968, 1089),
       (2968, 1095),
       (2968, 1096),
       (2968, 1100),
       (2968, 1106),
       (2968, 1110),
       (2968, 1113),
       (2968, 1116),
       (2968, 1136),
       (2968, 1137),
       (2968, 1140);

-- --------------------------------------------------------

--
-- Table structure for table `coupons`
--

CREATE TABLE `coupons`
(
  `coupon_id`  int(5)                                                                                                   NOT NULL,
  `title`      varchar(50) COLLATE utf8_unicode_ci                                                                      NOT NULL,
  `start_date` datetime                                                                                                 NOT NULL DEFAULT CURRENT_TIMESTAMP,
  `end_date`   datetime                                                                                                 NOT NULL DEFAULT CURRENT_TIMESTAMP,
  `amount`     int(5) UNSIGNED                                                                                          NOT NULL DEFAULT '0',
  `type`       enum ('RESTAURANT','ELECTRICITY','FOOD','HEALTH','SPORTS','CAMPING','TRAVELING') COLLATE utf8_unicode_ci NOT NULL,
  `message`    varchar(255) COLLATE utf8_unicode_ci                                                                     NOT NULL,
  `price`      decimal(8, 2)                                                                                            NOT NULL,
  `image_path` varchar(255) COLLATE utf8_unicode_ci                                                                              DEFAULT NULL
) ENGINE = InnoDB
  DEFAULT CHARSET = utf8
  COLLATE = utf8_unicode_ci;

--
-- Dumping data for table `coupons`
--

INSERT INTO `coupons` (`coupon_id`, `title`, `start_date`, `end_date`, `amount`, `type`, `message`, `price`,
                       `image_path`)
VALUES (871, 'One + One', '2019-05-19 16:11:07', '2019-09-01 16:11:09', 120, 'FOOD', 'One plus one above 120 NIS',
        '120.00', 'http://image.com/img.jpg'),
       (943, '50% Discount', '2019-01-01 16:13:08', '2019-05-19 16:13:15', 0, 'FOOD', '50 Percent Discount', '0.00',
        'http://image.com/img.jpg'),
       (1044, 'All Free', '2019-02-24 01:51:16', '2019-07-01 11:10:32', 558, 'HEALTH', 'Nihil ut placeat totam.',
        '2962.00', 'http://lorempixel.com/640/480/abstract'),
       (1045, 'Black Friday', '2019-02-18 08:54:18', '2019-08-30 09:58:09', 66, 'FOOD',
        'Necessitatibus molestias tempora cum.', '5807.00', 'http://lorempixel.com/640/480/sports'),
       (1046, '75% Discount', '2019-02-03 12:10:43', '2019-09-05 12:48:22', 360, 'FOOD',
        'Incidunt ea voluptatem dolorem.', '5959.00', 'http://lorempixel.com/640/480/nature'),
       (1047, 'All Free', '2019-05-23 12:25:45', '2019-06-19 04:49:38', 967, 'SPORTS',
        'Temporibus nam accusantium odit.', '7099.00', 'http://lorempixel.com/640/480/city'),
       (1048, '75% Discount', '2019-05-09 09:36:11', '2019-10-24 07:29:33', 245, 'CAMPING',
        'Tempore velit excepturi est.', '2061.00', 'http://lorempixel.com/640/480/abstract'),
       (1049, '2 + 1', '2019-02-25 06:37:03', '2019-08-06 04:27:05', 243, 'ELECTRICITY',
        'Dolores accusantium sit voluptatibus.', '6476.00', 'http://lorempixel.com/640/480/transport'),
       (1050, 'Black Friday', '2019-04-30 05:07:11', '2019-09-08 08:56:48', 45, 'SPORTS', 'Ad nihil ea ut.', '7865.00',
        'http://lorempixel.com/640/480/transport'),
       (1051, 'Black Friday', '2019-02-22 02:57:43', '2019-11-25 05:01:07', 510, 'SPORTS',
        'Explicabo et repudiandae beatae.', '1988.00', 'http://lorempixel.com/640/480/animals'),
       (1052, '50% Discount', '2019-03-20 02:27:11', '2019-09-22 02:27:04', 827, 'HEALTH',
        'Nesciunt placeat assumenda provident.', '4240.00', 'http://lorempixel.com/640/480/abstract'),
       (1053, '1 + 1', '2019-05-10 04:10:40', '2019-11-12 02:45:05', 521, 'ELECTRICITY', 'Impedit maiores voluptas ad.',
        '1310.00', 'http://lorempixel.com/640/480/nature'),
       (1054, '75% Discount', '2019-04-17 08:03:24', '2019-11-22 11:41:32', 709, 'FOOD',
        'Omnis alias commodi delectus.', '8284.00', 'http://lorempixel.com/640/480/technics'),
       (1055, 'Black Friday', '2019-02-05 09:48:15', '2019-10-13 10:24:32', 717, 'HEALTH',
        'Occaecati molestiae et culpa.', '82.00', 'http://lorempixel.com/640/480/cats'),
       (1056, '50% Discount', '2019-01-30 08:36:41', '2019-10-29 10:41:46', 933, 'HEALTH',
        'Ut doloribus tenetur dolor.', '4313.00', 'http://lorempixel.com/640/480/cats'),
       (1057, '75% Discount', '2019-05-22 10:02:30', '2019-10-02 08:29:04', 171, 'ELECTRICITY', 'Fugit non minima qui.',
        '6361.00', 'http://lorempixel.com/640/480/food'),
       (1058, '1 + 1', '2019-05-24 05:31:00', '2019-11-30 02:12:59', 567, 'FOOD', 'Qui sequi iure numquam.', '1447.00',
        'http://lorempixel.com/640/480/nature'),
       (1059, '2 + 1', '2019-05-22 02:08:32', '2019-09-22 01:22:04', 686, 'TRAVELING', 'Nemo autem quas consectetur.',
        '802.00', 'http://lorempixel.com/640/480/city'),
       (1060, 'All Free', '2019-01-27 02:28:02', '2019-07-27 03:56:47', 296, 'ELECTRICITY', 'Nesciunt iusto ut velit.',
        '8335.00', 'http://lorempixel.com/640/480/business'),
       (1061, '75% Discount', '2019-02-05 01:55:00', '2019-10-13 04:58:21', 490, 'FOOD',
        'Unde voluptatibus quia provident.', '8883.00', 'http://lorempixel.com/640/480/abstract'),
       (1062, 'All Free', '2019-05-29 11:31:53', '2019-10-25 08:48:13', 141, 'HEALTH', 'Est explicabo nihil fugiat.',
        '1135.00', 'http://lorempixel.com/640/480/sports'),
       (1063, '2 + 1', '2019-01-23 06:40:40', '2019-10-07 09:28:01', 133, 'FOOD', 'Explicabo architecto quis libero.',
        '5753.00', 'http://lorempixel.com/640/480/abstract'),
       (1064, '1 + 1', '2019-05-04 08:58:09', '2019-09-29 11:57:58', 468, 'FOOD', 'Et dignissimos enim et.', '3444.00',
        'http://lorempixel.com/640/480/technics'),
       (1065, 'Black Friday', '2019-04-25 12:46:10', '2019-06-29 10:32:06', 799, 'ELECTRICITY',
        'Et nesciunt cumque aspernatur.', '4891.00', 'http://lorempixel.com/640/480/food'),
       (1066, '2 + 1', '2019-02-20 09:03:47', '2019-09-24 02:24:36', 477, 'ELECTRICITY', 'Id eaque error aut.',
        '3804.00', 'http://lorempixel.com/640/480/fashion'),
       (1067, '2 + 1', '2019-03-16 12:10:44', '2019-06-25 04:28:00', 940, 'CAMPING', 'Repellat a vel sequi.', '489.00',
        'http://lorempixel.com/640/480/cats'),
       (1068, 'All Free', '2019-01-17 11:04:21', '2019-10-05 03:04:11', 595, 'CAMPING', 'Est sit quasi consequuntur.',
        '2773.00', 'http://lorempixel.com/640/480/animals'),
       (1069, 'All Free', '2019-03-30 05:29:27', '2019-06-22 11:49:33', 589, 'ELECTRICITY',
        'Ut molestiae inventore officia.', '6936.00', 'http://lorempixel.com/640/480/technics'),
       (1070, '50% Discount', '2019-05-16 02:12:20', '2019-11-29 11:49:33', 384, 'RESTAURANT',
        'Voluptatem nostrum eos dolor.', '1662.00', 'http://lorempixel.com/640/480/nature'),
       (1071, '75% Discount', '2019-04-15 12:35:02', '2019-08-26 01:18:41', 756, 'RESTAURANT',
        'Natus modi doloremque aut.', '898.00', 'http://lorempixel.com/640/480/abstract'),
       (1072, 'All Free', '2019-04-01 12:06:54', '2019-10-09 05:14:38', 609, 'FOOD',
        'Omnis architecto voluptate aspernatur.', '5432.00', 'http://lorempixel.com/640/480/transport'),
       (1073, '1 + 1', '2019-02-22 02:00:23', '2019-11-26 11:15:30', 624, 'HEALTH', 'Dolor ea et magnam.', '9943.00',
        'http://lorempixel.com/640/480/sports'),
       (1074, '75% Discount', '2019-03-07 12:55:43', '2019-09-19 09:26:21', 459, 'RESTAURANT',
        'Laboriosam maxime in similique.', '8729.00', 'http://lorempixel.com/640/480/transport'),
       (1075, 'All Free', '2019-05-07 07:49:35', '2019-07-20 09:51:12', 840, 'CAMPING', 'Sunt alias vel dolores.',
        '3851.00', 'http://lorempixel.com/640/480/food'),
       (1076, '1 + 1', '2019-05-12 11:40:35', '2019-11-19 12:09:35', 892, 'SPORTS', 'Voluptatibus illo placeat quia.',
        '5951.00', 'http://lorempixel.com/640/480/fashion'),
       (1077, '1 + 1', '2019-03-03 10:50:44', '2019-09-01 12:33:16', 327, 'ELECTRICITY',
        'Reprehenderit possimus inventore ut.', '7506.00', 'http://lorempixel.com/640/480/abstract'),
       (1078, '75% Discount', '2019-05-04 09:02:30', '2019-09-06 11:05:31', 233, 'TRAVELING',
        'Praesentium quo aut nam.', '3497.00', 'http://lorempixel.com/640/480/city'),
       (1079, 'All Free', '2019-05-04 06:17:33', '2019-06-19 03:14:21', 655, 'SPORTS',
        'Quibusdam non delectus nesciunt.', '5478.00', 'http://lorempixel.com/640/480/cats'),
       (1080, '2 + 1', '2019-03-13 03:27:16', '2019-06-24 03:04:56', 304, 'RESTAURANT', 'Fuga sit eum ea.', '5889.00',
        'http://lorempixel.com/640/480/city'),
       (1081, '2 + 1', '2019-05-24 09:39:40', '2019-10-29 01:15:35', 647, 'ELECTRICITY', 'Consectetur quae sint non.',
        '2623.00', 'http://lorempixel.com/640/480/nature'),
       (1082, '1 + 1', '2019-04-15 01:10:13', '2019-07-24 06:00:55', 612, 'HEALTH', 'Illo ab vel laudantium.', '576.00',
        'http://lorempixel.com/640/480/business'),
       (1083, '75% Discount', '2019-01-11 11:21:29', '2019-11-11 08:26:02', 951, 'SPORTS',
        'Voluptas quia distinctio necessitatibus.', '3001.00', 'http://lorempixel.com/640/480/sports'),
       (1084, '75% Discount', '2019-01-11 03:20:29', '2019-07-11 06:07:17', 866, 'HEALTH', 'Vel velit beatae modi.',
        '9355.00', 'http://lorempixel.com/640/480/technics'),
       (1085, '1 + 1', '2019-01-26 03:18:47', '2019-11-24 03:56:15', 627, 'HEALTH', 'Aliquid eaque hic itaque.',
        '952.00', 'http://lorempixel.com/640/480/city'),
       (1086, '2 + 1', '2019-04-20 08:40:36', '2019-10-23 01:22:01', 934, 'CAMPING',
        'Numquam perferendis ab voluptatem.', '7320.00', 'http://lorempixel.com/640/480/business'),
       (1087, '1 + 1', '2019-04-08 12:26:57', '2019-10-04 09:19:58', 486, 'ELECTRICITY',
        'Dolorem esse exercitationem ullam.', '1862.00', 'http://lorempixel.com/640/480/technics'),
       (1088, '50% Discount', '2019-02-15 12:22:39', '2019-11-03 07:39:00', 130, 'CAMPING',
        'Est repellat provident sed.', '8455.00', 'http://lorempixel.com/640/480/city'),
       (1089, '1 + 1', '2019-04-30 09:31:55', '2019-09-27 08:40:54', 699, 'RESTAURANT', 'Ad esse voluptatem voluptas.',
        '6458.00', 'http://lorempixel.com/640/480/transport'),
       (1090, 'All Free', '2019-03-16 07:28:57', '2019-10-27 02:31:31', 102, 'HEALTH',
        'Dolorem aut commodi voluptates.', '2437.00', 'http://lorempixel.com/640/480/fashion'),
       (1091, '50% Discount', '2019-05-14 09:46:39', '2019-08-27 09:11:06', 481, 'HEALTH', 'Magnam quia id dolorem.',
        '6956.00', 'http://lorempixel.com/640/480/sports'),
       (1092, '1 + 1', '2019-05-23 02:34:14', '2019-11-03 10:47:23', 585, 'RESTAURANT',
        'Aspernatur facilis inventore commodi.', '4872.00', 'http://lorempixel.com/640/480/transport'),
       (1093, '1 + 1', '2019-04-18 12:10:53', '2019-11-30 05:27:59', 497, 'SPORTS', 'Rem hic ex in.', '345.00',
        'http://lorempixel.com/640/480/animals'),
       (1094, '75% Discount', '2019-03-09 09:20:51', '2019-06-22 11:39:35', 706, 'TRAVELING',
        'Autem doloribus quo vel.', '2826.00', 'http://lorempixel.com/640/480/transport'),
       (1095, '75% Discount', '2019-01-25 04:34:43', '2019-11-16 08:09:40', 709, 'CAMPING', 'Quibusdam id quasi quae.',
        '9495.00', 'http://lorempixel.com/640/480/animals'),
       (1096, '50% Discount', '2019-02-12 02:54:24', '2019-08-11 01:43:29', 212, 'HEALTH', 'Aut id esse est.', '873.00',
        'http://lorempixel.com/640/480/abstract'),
       (1097, '1 + 1', '2019-05-18 09:12:58', '2019-08-25 09:13:47', 815, 'ELECTRICITY', 'Nisi non libero quam.',
        '6260.00', 'http://lorempixel.com/640/480/people'),
       (1098, '75% Discount', '2019-03-18 09:37:36', '2019-11-20 11:00:52', 702, 'TRAVELING',
        'Mollitia quos doloribus molestias.', '9131.00', 'http://lorempixel.com/640/480/business'),
       (1099, '75% Discount', '2019-04-12 03:33:40', '2019-07-15 04:25:27', 374, 'FOOD',
        'Minus qui dignissimos maiores.', '2295.00', 'http://lorempixel.com/640/480/transport'),
       (1100, 'All Free', '2019-01-11 10:37:07', '2019-11-28 09:19:44', 380, 'FOOD', 'Ut aut enim officia.', '3910.00',
        'http://lorempixel.com/640/480/technics'),
       (1101, '75% Discount', '2019-02-19 10:50:20', '2019-09-08 11:03:22', 655, 'RESTAURANT', 'Voluptas et ut qui.',
        '7960.00', 'http://lorempixel.com/640/480/transport'),
       (1102, 'Black Friday', '2019-04-11 05:56:30', '2019-10-08 08:40:03', 349, 'HEALTH',
        'Reiciendis mollitia iste ipsam.', '507.00', 'http://lorempixel.com/640/480/technics'),
       (1103, '2 + 1', '2019-02-13 03:44:37', '2019-06-24 12:29:25', 938, 'HEALTH',
        'Asperiores adipisci molestias dolorem.', '4634.00', 'http://lorempixel.com/640/480/nightlife'),
       (1104, '2 + 1', '2019-01-07 06:19:35', '2019-09-07 12:12:52', 677, 'FOOD', 'Ut non dolores tempore.', '8738.00',
        'http://lorempixel.com/640/480/nature'),
       (1105, '1 + 1', '2019-02-22 10:15:41', '2019-07-22 06:59:01', 380, 'SPORTS',
        'Veritatis et molestias aspernatur.', '2429.00', 'http://lorempixel.com/640/480/nightlife'),
       (1106, 'All Free', '2019-01-28 02:43:47', '2019-08-05 01:09:03', 543, 'HEALTH', 'Eum rem omnis fugiat.',
        '3323.00', 'http://lorempixel.com/640/480/sports'),
       (1107, '50% Discount', '2019-05-23 06:15:28', '2019-10-20 01:43:21', 247, 'CAMPING',
        'Delectus facere impedit sunt.', '8285.00', 'http://lorempixel.com/640/480/transport'),
       (1108, '75% Discount', '2019-04-10 10:33:01', '2019-06-10 10:25:50', 881, 'TRAVELING',
        'Molestiae voluptas tenetur et.', '5836.00', 'http://lorempixel.com/640/480/animals'),
       (1109, 'Black Friday', '2019-02-24 04:54:42', '2019-06-21 07:44:19', 546, 'FOOD', 'Totam cum assumenda et.',
        '1659.00', 'http://lorempixel.com/640/480/food'),
       (1110, 'Black Friday', '2019-01-16 03:07:29', '2019-06-28 01:49:00', 167, 'CAMPING', 'Quia eligendi et ipsam.',
        '9883.00', 'http://lorempixel.com/640/480/sports'),
       (1111, 'Black Friday', '2019-03-13 05:37:33', '2019-06-17 08:44:04', 345, 'FOOD',
        'Accusantium voluptatem fugiat dolores.', '256.00', 'http://lorempixel.com/640/480/nature'),
       (1112, '75% Discount', '2019-03-18 04:26:35', '2019-11-04 01:34:32', 898, 'TRAVELING',
        'Molestiae nulla unde impedit.', '972.00', 'http://lorempixel.com/640/480/city'),
       (1113, '50% Discount', '2019-05-14 11:20:50', '2019-11-08 01:23:44', 966, 'TRAVELING',
        'Facere dicta ullam labore.', '5753.00', 'http://lorempixel.com/640/480/nightlife'),
       (1114, '2 + 1', '2019-05-12 09:15:57', '2019-06-24 11:33:55', 985, 'FOOD', 'Recusandae aut sed aut.', '5011.00',
        'http://lorempixel.com/640/480/business'),
       (1115, '1 + 1', '2019-04-03 06:10:18', '2019-11-06 06:41:50', 585, 'HEALTH', 'A eaque illo aliquid.', '9737.00',
        'http://lorempixel.com/640/480/sports'),
       (1116, '75% Discount', '2019-05-30 03:30:37', '2019-10-27 05:45:55', 128, 'TRAVELING',
        'Praesentium enim numquam aut.', '9136.00', 'http://lorempixel.com/640/480/people'),
       (1117, 'All Free', '2019-01-08 12:28:32', '2019-11-23 01:29:43', 502, 'HEALTH', 'Et maxime eaque rerum.',
        '4552.00', 'http://lorempixel.com/640/480/abstract'),
       (1118, '50% Discount', '2019-02-19 05:35:31', '2019-11-09 07:45:20', 490, 'RESTAURANT',
        'Ea quae veritatis debitis.', '4651.00', 'http://lorempixel.com/640/480/fashion'),
       (1119, 'All Free', '2019-02-05 05:10:54', '2019-10-20 04:55:27', 67, 'CAMPING', 'Asperiores doloribus et et.',
        '9910.00', 'http://lorempixel.com/640/480/food'),
       (1120, 'All Free', '2019-05-18 02:40:35', '2019-11-27 11:36:28', 599, 'CAMPING',
        'In aperiam ratione consequuntur.', '5854.00', 'http://lorempixel.com/640/480/business'),
       (1121, '75% Discount', '2019-05-21 02:27:08', '2019-10-17 01:09:55', 479, 'FOOD', 'Voluptate tenetur est aut.',
        '8608.00', 'http://lorempixel.com/640/480/technics'),
       (1122, '2 + 1', '2019-01-16 05:23:30', '2019-09-27 09:41:59', 752, 'RESTAURANT',
        'Tenetur similique quod perferendis.', '2055.00', 'http://lorempixel.com/640/480/fashion'),
       (1123, '75% Discount', '2019-03-29 10:22:51', '2019-10-11 12:51:11', 260, 'SPORTS',
        'Veritatis tempore sunt quo.', '6040.00', 'http://lorempixel.com/640/480/fashion'),
       (1124, '50% Discount', '2019-01-07 03:28:56', '2019-11-10 08:41:39', 249, 'RESTAURANT',
        'Beatae quo fugiat dolore.', '5519.00', 'http://lorempixel.com/640/480/business'),
       (1125, '50% Discount', '2019-01-01 06:37:43', '2019-10-08 12:32:45', 604, 'CAMPING',
        'Quaerat aspernatur impedit vitae.', '87.00', 'http://lorempixel.com/640/480/city'),
       (1126, '75% Discount', '2019-04-25 11:29:06', '2019-09-08 08:23:57', 867, 'SPORTS', 'Eos provident dolore sunt.',
        '7219.00', 'http://lorempixel.com/640/480/food'),
       (1127, '1 + 1', '2019-05-13 05:07:02', '2019-11-27 02:44:29', 813, 'RESTAURANT',
        'Ullam atque deleniti repellendus.', '8510.00', 'http://lorempixel.com/640/480/abstract'),
       (1128, 'All Free', '2019-04-14 03:53:37', '2019-08-25 04:14:37', 410, 'CAMPING', 'Nobis omnis debitis expedita.',
        '110.00', 'http://lorempixel.com/640/480/nightlife'),
       (1129, 'All Free', '2019-01-10 09:10:30', '2019-11-29 06:10:36', 822, 'ELECTRICITY', 'Ullam facere autem modi.',
        '2820.00', 'http://lorempixel.com/640/480/nature'),
       (1130, '1 + 1', '2019-05-21 09:10:09', '2019-09-07 10:24:17', 654, 'SPORTS', 'Dolor laboriosam neque est.',
        '8155.00', 'http://lorempixel.com/640/480/people'),
       (1131, '1 + 1', '2019-04-28 07:00:29', '2019-09-19 06:42:22', 932, 'FOOD',
        'Laudantium omnis voluptate dignissimos.', '4212.00', 'http://lorempixel.com/640/480/animals'),
       (1132, 'Black Friday', '2019-03-07 05:07:39', '2019-10-03 07:07:21', 782, 'SPORTS', 'Et est ex pariatur.',
        '8357.00', 'http://lorempixel.com/640/480/animals'),
       (1133, '1 + 1', '2019-04-20 12:17:56', '2019-06-27 07:58:36', 128, 'ELECTRICITY', 'Quos rerum est quisquam.',
        '8718.00', 'http://lorempixel.com/640/480/food'),
       (1134, '1 + 1', '2019-03-01 12:20:39', '2019-07-19 11:56:01', 443, 'FOOD', 'Et quasi omnis facilis.', '25.00',
        'http://lorempixel.com/640/480/fashion'),
       (1135, '2 + 1', '2019-05-08 12:15:08', '2019-09-19 06:19:16', 871, 'HEALTH', 'Aut laudantium totam hic.',
        '4445.00', 'http://lorempixel.com/640/480/abstract'),
       (1136, '2 + 1', '2019-03-03 09:03:27', '2019-07-22 11:31:34', 493, 'SPORTS', 'Eligendi distinctio quia impedit.',
        '9741.00', 'http://lorempixel.com/640/480/nature'),
       (1137, '50% Discount', '2019-05-02 04:49:13', '2019-08-16 07:49:44', 367, 'ELECTRICITY',
        'Ut repellat quo sapiente.', '3422.00', 'http://lorempixel.com/640/480/food'),
       (1138, 'Black Friday', '2019-04-14 09:09:55', '2019-11-04 08:26:58', 154, 'RESTAURANT',
        'Sunt commodi error consectetur.', '9164.00', 'http://lorempixel.com/640/480/abstract'),
       (1139, '1 + 1', '2019-02-03 04:07:51', '2019-10-20 11:58:32', 109, 'CAMPING', 'Ipsum est ipsum officiis.',
        '9519.00', 'http://lorempixel.com/640/480/food'),
       (1140, 'All Free', '2019-01-01 11:44:56', '2019-07-20 01:00:55', 948, 'FOOD', 'Quo ea id voluptatibus.',
        '3029.00', 'http://lorempixel.com/640/480/nature'),
       (1141, 'Black Friday', '2019-02-19 06:02:19', '2019-11-12 08:04:08', 362, 'HEALTH',
        'Id reiciendis unde veritatis.', '1639.00', 'http://lorempixel.com/640/480/nightlife'),
       (1142, 'All Free', '2019-05-09 12:01:32', '2019-11-10 09:18:26', 187, 'CAMPING', 'Ut dolore quis recusandae.',
        '4265.00', 'http://lorempixel.com/640/480/cats'),
       (1143, '50% Discount', '2019-01-14 11:04:23', '2019-10-26 08:47:42', 29, 'FOOD', 'Reprehenderit ad ipsum error.',
        '7931.00', 'http://lorempixel.com/640/480/abstract');

-- --------------------------------------------------------

--
-- Table structure for table `customers`
--

CREATE TABLE `customers`
(
  `customer_id` int(5)                              NOT NULL,
  `name`        varchar(50) COLLATE utf8_unicode_ci NOT NULL,
  `password`    varchar(50) COLLATE utf8_unicode_ci NOT NULL
) ENGINE = InnoDB
  DEFAULT CHARSET = utf8
  COLLATE = utf8_unicode_ci;

--
-- Dumping data for table `customers`
--

INSERT INTO `customers` (`customer_id`, `name`, `password`)
VALUES (7153, 'idan', '12345'),
       (8942, 'johnsnow', '12345'),
       (8953, 'aditya-dicki', '8hzs2'),
       (8954, 'finn-doyle', '6_ynk'),
       (8955, 'vernice-heathcote', 'cn5sy'),
       (8956, 'horace-bahringer', 'yk1e4'),
       (8957, 'pietro-wiza', 'do67e'),
       (8958, 'vance-turner', 'jltnr'),
       (8959, 'gerson-kessler', 'lcnud'),
       (8960, 'andres-paucek', 'ptgkk'),
       (8961, 'ola-hilpert', 'iiegf'),
       (8962, 'percy-king', 'lqqbj'),
       (8963, 'finn-buckridge', 'zixy7'),
       (8964, 'alicia-lubowitz', 'ial3t'),
       (8965, 'agnes-bayer', 'qt2hq'),
       (8966, 'quentin-nicolas', 'lxguu'),
       (8967, 'hilma-kuhn', 'qe_2q'),
       (8968, 'lucius-gulgowski', 'u1pna'),
       (8969, 'brenna-frami', 'hcpif'),
       (8970, 'nikko-corkery', 'e9kf1'),
       (8971, 'enid-rolfson', 'u6dav'),
       (8972, 'alexandrine-turcotte', 'av6r3'),
       (8973, 'pasquale-quitzon', 'krttw'),
       (8974, 'camylle-gorczany', 'hhdwo'),
       (8975, 'arturo-pouros', '_mhlh'),
       (8976, 'meghan-robel', 'noc7x'),
       (8977, 'rosa-king', 'ngnge'),
       (8978, 'korey-gibson', 'rrgva'),
       (8979, 'florian-robel', 'dxmbt'),
       (8980, 'jana-mueller', 'mc51s'),
       (8981, 'elta-gaylord', 'rntkv'),
       (8982, 'carmen-dietrich', 'r18ao'),
       (8983, 'garrick-watsica', 'm9t2g'),
       (8984, 'misael-mitchell', '3mqtg'),
       (8985, 'adelbert-dooley', 'a2vur'),
       (8986, 'angelica-boyle', '7g4xv'),
       (8987, 'kailey-osinski', 'eac1y'),
       (8988, 'dewitt-white', 'fnqgk'),
       (8989, 'alexzander-mckenzie', 'j3ski'),
       (8990, 'sadie-witting', '0wenn'),
       (8991, 'charles-brakus', 'vd6oj'),
       (8992, 'susan-green', 'odcsq'),
       (8993, 'myles-prohaska', 'bhqso'),
       (8994, 'keagan-yost', 'xi8jx'),
       (8995, 'reese-bode', 'd1j_0'),
       (8996, 'margarette-trantow', 'yciwm'),
       (8997, 'larue-aufderhar', 'vz7vk'),
       (8998, 'cordelia-schuppe', 'cyfzo'),
       (8999, 'kirsten-schroeder', 'm9oer'),
       (9000, 'shane-howe', 'jpf3c'),
       (9001, 'eugene-gleason', 'haf3x'),
       (9002, 'vance-kirlin', '0pbcv'),
       (9003, 'zachery-klein', 'rety1'),
       (9004, 'madge-auer', '2yfht'),
       (9005, 'maggie-ernser', 'iqcnr'),
       (9006, 'bailee-vandervort', 'fancl'),
       (9007, 'charlotte-glover', 'x0kca'),
       (9008, 'reece-conroy', 'f0qpv'),
       (9009, 'randy-oberbrunner', '7cnrq'),
       (9010, 'bessie-smitham', 'cugfa'),
       (9011, 'tremaine-hilll', 'l8yy0'),
       (9012, 'easter-nicolas', 'oyfei'),
       (9013, 'elisa-smitham', 'xtxt0'),
       (9014, 'claire-renner', 'lydfh'),
       (9015, 'may-schimmel', 'dyx3y'),
       (9016, 'claud-kuhn', '7nnxv'),
       (9017, 'sadie-armstrong', 'xo9fz'),
       (9018, 'noble-corwin', '4ez91'),
       (9019, 'kobe-hane', 'hgzzj'),
       (9020, 'kylee-wyman', 'jnff2'),
       (9021, 'aubrey-smith', 'qgm_n'),
       (9022, 'rashawn-kautzer', 'unobg'),
       (9023, 'ocie-lesch', '1u306'),
       (9024, 'jayden-cassin', 'r8jee'),
       (9025, 'brock-white', 't9yvu'),
       (9026, 'mohamed-carroll', 'bgoye'),
       (9027, 'virgie-flatley', 's1ixp'),
       (9028, 'chase-windler', 'afqae'),
       (9029, 'garry-morissette', 'qkltc'),
       (9030, 'letha-cormier', 'fevkm'),
       (9031, 'lacy-jacobi', 'ncrte'),
       (9032, 'liliana-reilly', 'uqf1f'),
       (9033, 'tamara-wiegand', 'b7z5v'),
       (9034, 'terry-willms', 'nyqne'),
       (9035, 'taurean-schuster', 'kx7ad'),
       (9036, 'benny-shanahan', '4vxhz'),
       (9037, 'rylan-lindgren', 'wgfim'),
       (9038, 'clotilde-hand', 'tyfue'),
       (9039, 'antonietta-hessel', '9f2ii'),
       (9040, 'kellen-kris', 'b00ew'),
       (9041, 'rosemarie-mante', 'cmb0u'),
       (9042, 'baron-batz', 'i73su'),
       (9043, 'ross-carroll', 'qb3n5'),
       (9044, 'lavinia-marvin', 'vp5so'),
       (9045, 'eveline-koepp', 'ocrih'),
       (9046, 'marilie-collier', 'hq6pl'),
       (9047, 'kathleen-kub', 'ge_8a'),
       (9048, 'vicenta-wisoky', 'bkqvy'),
       (9049, 'jensen-bogisich', 'qpqcl');

-- --------------------------------------------------------

--
-- Table structure for table `customer_coupon`
--

CREATE TABLE `customer_coupon`
(
  `customer_id` int(5) NOT NULL,
  `coupon_id`   int(5) NOT NULL
) ENGINE = InnoDB
  DEFAULT CHARSET = utf8
  COLLATE = utf8_unicode_ci;

--
-- Dumping data for table `customer_coupon`
--

INSERT INTO `customer_coupon` (`customer_id`, `coupon_id`)
VALUES (7153, 1053),
       (7153, 1060),
       (7153, 1061),
       (7153, 1063),
       (7153, 1067),
       (7153, 1078),
       (7153, 1079),
       (7153, 1082),
       (7153, 1085),
       (7153, 1088),
       (7153, 1093),
       (7153, 1094),
       (7153, 1096),
       (7153, 1099),
       (7153, 1102),
       (7153, 1114),
       (7153, 1116),
       (7153, 1120),
       (7153, 1128),
       (7153, 1139),
       (8942, 1046),
       (8942, 1050),
       (8942, 1053),
       (8942, 1055),
       (8942, 1060),
       (8942, 1064),
       (8942, 1079),
       (8942, 1081),
       (8942, 1089),
       (8942, 1095),
       (8942, 1102),
       (8942, 1107),
       (8942, 1109),
       (8942, 1115),
       (8942, 1122),
       (8942, 1126),
       (8942, 1133),
       (8942, 1141),
       (8942, 1142),
       (8942, 1143),
       (8953, 1048),
       (8953, 1054),
       (8953, 1057),
       (8953, 1065),
       (8953, 1071),
       (8953, 1074),
       (8953, 1076),
       (8953, 1078),
       (8953, 1090),
       (8953, 1091),
       (8953, 1093),
       (8953, 1094),
       (8953, 1095),
       (8953, 1098),
       (8953, 1104),
       (8953, 1109),
       (8953, 1111),
       (8953, 1112),
       (8953, 1119),
       (8953, 1143),
       (8954, 1047),
       (8954, 1053),
       (8954, 1063),
       (8954, 1071),
       (8954, 1077),
       (8954, 1078),
       (8954, 1080),
       (8954, 1083),
       (8954, 1085),
       (8954, 1086),
       (8954, 1088),
       (8954, 1096),
       (8954, 1112),
       (8954, 1118),
       (8954, 1119),
       (8954, 1125),
       (8954, 1128),
       (8954, 1132),
       (8954, 1134),
       (8954, 1135),
       (8955, 1044),
       (8955, 1052),
       (8955, 1057),
       (8955, 1059),
       (8955, 1060),
       (8955, 1061),
       (8955, 1063),
       (8955, 1066),
       (8955, 1067),
       (8955, 1074),
       (8955, 1080),
       (8955, 1081),
       (8955, 1084),
       (8955, 1101),
       (8955, 1106),
       (8955, 1109),
       (8955, 1112),
       (8955, 1117),
       (8955, 1124),
       (8955, 1129),
       (8956, 871),
       (8956, 1057),
       (8956, 1058),
       (8956, 1068),
       (8956, 1070),
       (8956, 1073),
       (8956, 1079),
       (8956, 1091),
       (8956, 1092),
       (8956, 1098),
       (8956, 1104),
       (8956, 1121),
       (8956, 1128),
       (8956, 1130),
       (8956, 1131),
       (8956, 1134),
       (8956, 1136),
       (8956, 1138),
       (8956, 1140),
       (8956, 1143),
       (8957, 871),
       (8957, 1047),
       (8957, 1049),
       (8957, 1054),
       (8957, 1076),
       (8957, 1088),
       (8957, 1092),
       (8957, 1096),
       (8957, 1098),
       (8957, 1101),
       (8957, 1105),
       (8957, 1107),
       (8957, 1110),
       (8957, 1116),
       (8957, 1119),
       (8957, 1120),
       (8957, 1121),
       (8957, 1122),
       (8957, 1130),
       (8957, 1139),
       (8958, 1045),
       (8958, 1052),
       (8958, 1065),
       (8958, 1069),
       (8958, 1070),
       (8958, 1074),
       (8958, 1075),
       (8958, 1083),
       (8958, 1084),
       (8958, 1094),
       (8958, 1096),
       (8958, 1097),
       (8958, 1102),
       (8958, 1114),
       (8958, 1115),
       (8958, 1120),
       (8958, 1124),
       (8958, 1127),
       (8958, 1130),
       (8958, 1135),
       (8959, 1045),
       (8959, 1049),
       (8959, 1052),
       (8959, 1058),
       (8959, 1065),
       (8959, 1068),
       (8959, 1074),
       (8959, 1075),
       (8959, 1082),
       (8959, 1085),
       (8959, 1089),
       (8959, 1110),
       (8959, 1117),
       (8959, 1122),
       (8959, 1126),
       (8959, 1131),
       (8959, 1136),
       (8959, 1139),
       (8959, 1140),
       (8959, 1141),
       (8960, 1048),
       (8960, 1053),
       (8960, 1058),
       (8960, 1061),
       (8960, 1064),
       (8960, 1069),
       (8960, 1071),
       (8960, 1074),
       (8960, 1080),
       (8960, 1083),
       (8960, 1086),
       (8960, 1097),
       (8960, 1101),
       (8960, 1106),
       (8960, 1126),
       (8960, 1129),
       (8960, 1130),
       (8960, 1131),
       (8960, 1132),
       (8960, 1141),
       (8961, 1046),
       (8961, 1047),
       (8961, 1054),
       (8961, 1055),
       (8961, 1058),
       (8961, 1060),
       (8961, 1061),
       (8961, 1063),
       (8961, 1068),
       (8961, 1085),
       (8961, 1088),
       (8961, 1097),
       (8961, 1100),
       (8961, 1114),
       (8961, 1117),
       (8961, 1129),
       (8961, 1132),
       (8961, 1134),
       (8961, 1136),
       (8961, 1141),
       (8962, 1053),
       (8962, 1056),
       (8962, 1060),
       (8962, 1061),
       (8962, 1077),
       (8962, 1083),
       (8962, 1087),
       (8962, 1093),
       (8962, 1094),
       (8962, 1096),
       (8962, 1097),
       (8962, 1101),
       (8962, 1104),
       (8962, 1106),
       (8962, 1108),
       (8962, 1119),
       (8962, 1124),
       (8962, 1126),
       (8962, 1141),
       (8962, 1142),
       (8963, 1045),
       (8963, 1047),
       (8963, 1051),
       (8963, 1059),
       (8963, 1066),
       (8963, 1071),
       (8963, 1074),
       (8963, 1080),
       (8963, 1085),
       (8963, 1086),
       (8963, 1089),
       (8963, 1096),
       (8963, 1100),
       (8963, 1102),
       (8963, 1109),
       (8963, 1110),
       (8963, 1111),
       (8963, 1124),
       (8963, 1131),
       (8963, 1143),
       (8964, 1049),
       (8964, 1053),
       (8964, 1054),
       (8964, 1059),
       (8964, 1060),
       (8964, 1069),
       (8964, 1072),
       (8964, 1085),
       (8964, 1090),
       (8964, 1091),
       (8964, 1097),
       (8964, 1098),
       (8964, 1102),
       (8964, 1109),
       (8964, 1112),
       (8964, 1116),
       (8964, 1124),
       (8964, 1129),
       (8964, 1136),
       (8964, 1140),
       (8965, 1047),
       (8965, 1050),
       (8965, 1052),
       (8965, 1059),
       (8965, 1064),
       (8965, 1065),
       (8965, 1067),
       (8965, 1069),
       (8965, 1070),
       (8965, 1081),
       (8965, 1085),
       (8965, 1097),
       (8965, 1102),
       (8965, 1105),
       (8965, 1109),
       (8965, 1113),
       (8965, 1118),
       (8965, 1119),
       (8965, 1133),
       (8965, 1141),
       (8966, 1054),
       (8966, 1059),
       (8966, 1063),
       (8966, 1066),
       (8966, 1073),
       (8966, 1082),
       (8966, 1083),
       (8966, 1088),
       (8966, 1091),
       (8966, 1098),
       (8966, 1100),
       (8966, 1111),
       (8966, 1114),
       (8966, 1121),
       (8966, 1126),
       (8966, 1127),
       (8966, 1131),
       (8966, 1133),
       (8966, 1135),
       (8966, 1137),
       (8967, 943),
       (8967, 1045),
       (8967, 1048),
       (8967, 1050),
       (8967, 1051),
       (8967, 1052),
       (8967, 1060),
       (8967, 1061),
       (8967, 1064),
       (8967, 1081),
       (8967, 1083),
       (8967, 1089),
       (8967, 1095),
       (8967, 1101),
       (8967, 1103),
       (8967, 1106),
       (8967, 1114),
       (8967, 1118),
       (8967, 1120),
       (8967, 1121),
       (8968, 1053),
       (8968, 1059),
       (8968, 1061),
       (8968, 1071),
       (8968, 1080),
       (8968, 1081),
       (8968, 1091),
       (8968, 1092),
       (8968, 1095),
       (8968, 1100),
       (8968, 1101),
       (8968, 1102),
       (8968, 1104),
       (8968, 1105),
       (8968, 1111),
       (8968, 1117),
       (8968, 1131),
       (8968, 1133),
       (8968, 1136),
       (8968, 1143),
       (8969, 1045),
       (8969, 1049),
       (8969, 1051),
       (8969, 1063),
       (8969, 1066),
       (8969, 1078),
       (8969, 1081),
       (8969, 1087),
       (8969, 1089),
       (8969, 1090),
       (8969, 1092),
       (8969, 1095),
       (8969, 1104),
       (8969, 1106),
       (8969, 1108),
       (8969, 1111),
       (8969, 1115),
       (8969, 1122),
       (8969, 1128),
       (8969, 1130),
       (8970, 1049),
       (8970, 1051),
       (8970, 1057),
       (8970, 1059),
       (8970, 1062),
       (8970, 1063),
       (8970, 1064),
       (8970, 1067),
       (8970, 1072),
       (8970, 1088),
       (8970, 1091),
       (8970, 1093),
       (8970, 1108),
       (8970, 1110),
       (8970, 1119),
       (8970, 1123),
       (8970, 1136),
       (8970, 1137),
       (8970, 1142),
       (8970, 1143),
       (8971, 1048),
       (8971, 1052),
       (8971, 1079),
       (8971, 1081),
       (8971, 1082),
       (8971, 1086),
       (8971, 1090),
       (8971, 1093),
       (8971, 1100),
       (8971, 1101),
       (8971, 1104),
       (8971, 1107),
       (8971, 1111),
       (8971, 1115),
       (8971, 1116),
       (8971, 1122),
       (8971, 1123),
       (8971, 1137),
       (8971, 1142),
       (8971, 1143),
       (8972, 1051),
       (8972, 1068),
       (8972, 1073),
       (8972, 1076),
       (8972, 1083),
       (8972, 1085),
       (8972, 1086),
       (8972, 1092),
       (8972, 1094),
       (8972, 1095),
       (8972, 1096),
       (8972, 1106),
       (8972, 1108),
       (8972, 1109),
       (8972, 1113),
       (8972, 1115),
       (8972, 1121),
       (8972, 1134),
       (8972, 1141),
       (8972, 1143),
       (8973, 1045),
       (8973, 1047),
       (8973, 1052),
       (8973, 1062),
       (8973, 1068),
       (8973, 1069),
       (8973, 1073),
       (8973, 1076),
       (8973, 1077),
       (8973, 1079),
       (8973, 1082),
       (8973, 1108),
       (8973, 1112),
       (8973, 1113),
       (8973, 1127),
       (8973, 1132),
       (8973, 1134),
       (8973, 1135),
       (8973, 1140),
       (8973, 1142),
       (8974, 871),
       (8974, 1044),
       (8974, 1046),
       (8974, 1047),
       (8974, 1058),
       (8974, 1060),
       (8974, 1063),
       (8974, 1066),
       (8974, 1067),
       (8974, 1069),
       (8974, 1076),
       (8974, 1081),
       (8974, 1082),
       (8974, 1092),
       (8974, 1105),
       (8974, 1109),
       (8974, 1113),
       (8974, 1116),
       (8974, 1126),
       (8974, 1143),
       (8975, 1053),
       (8975, 1060),
       (8975, 1063),
       (8975, 1070),
       (8975, 1071),
       (8975, 1072),
       (8975, 1074),
       (8975, 1083),
       (8975, 1085),
       (8975, 1092),
       (8975, 1103),
       (8975, 1107),
       (8975, 1113),
       (8975, 1119),
       (8975, 1123),
       (8975, 1125),
       (8975, 1128),
       (8975, 1135),
       (8975, 1140),
       (8975, 1141),
       (8976, 1046),
       (8976, 1049),
       (8976, 1061),
       (8976, 1067),
       (8976, 1070),
       (8976, 1073),
       (8976, 1078),
       (8976, 1082),
       (8976, 1087),
       (8976, 1088),
       (8976, 1090),
       (8976, 1093),
       (8976, 1106),
       (8976, 1113),
       (8976, 1116),
       (8976, 1121),
       (8976, 1130),
       (8976, 1131),
       (8976, 1137),
       (8976, 1142),
       (8977, 1047),
       (8977, 1049),
       (8977, 1054),
       (8977, 1056),
       (8977, 1063),
       (8977, 1072),
       (8977, 1074),
       (8977, 1076),
       (8977, 1077),
       (8977, 1087),
       (8977, 1088),
       (8977, 1089),
       (8977, 1098),
       (8977, 1100),
       (8977, 1108),
       (8977, 1119),
       (8977, 1130),
       (8977, 1131),
       (8977, 1135),
       (8977, 1139),
       (8978, 1048),
       (8978, 1051),
       (8978, 1053),
       (8978, 1054),
       (8978, 1055),
       (8978, 1056),
       (8978, 1065),
       (8978, 1071),
       (8978, 1073),
       (8978, 1079),
       (8978, 1088),
       (8978, 1092),
       (8978, 1095),
       (8978, 1096),
       (8978, 1101),
       (8978, 1102),
       (8978, 1109),
       (8978, 1112),
       (8978, 1125),
       (8978, 1131),
       (8979, 1045),
       (8979, 1046),
       (8979, 1050),
       (8979, 1055),
       (8979, 1062),
       (8979, 1063),
       (8979, 1075),
       (8979, 1078),
       (8979, 1079),
       (8979, 1081),
       (8979, 1084),
       (8979, 1086),
       (8979, 1093),
       (8979, 1099),
       (8979, 1103),
       (8979, 1107),
       (8979, 1108),
       (8979, 1129),
       (8979, 1131),
       (8979, 1136),
       (8980, 1044),
       (8980, 1051),
       (8980, 1055),
       (8980, 1062),
       (8980, 1064),
       (8980, 1068),
       (8980, 1070),
       (8980, 1072),
       (8980, 1076),
       (8980, 1087),
       (8980, 1099),
       (8980, 1101),
       (8980, 1102),
       (8980, 1105),
       (8980, 1106),
       (8980, 1112),
       (8980, 1116),
       (8980, 1117),
       (8980, 1118),
       (8980, 1126),
       (8981, 1049),
       (8981, 1055),
       (8981, 1068),
       (8981, 1071),
       (8981, 1079),
       (8981, 1082),
       (8981, 1083),
       (8981, 1086),
       (8981, 1090),
       (8981, 1093),
       (8981, 1095),
       (8981, 1096),
       (8981, 1097),
       (8981, 1100),
       (8981, 1106),
       (8981, 1110),
       (8981, 1124),
       (8981, 1127),
       (8981, 1133),
       (8981, 1140),
       (8982, 871),
       (8982, 1045),
       (8982, 1046),
       (8982, 1055),
       (8982, 1059),
       (8982, 1061),
       (8982, 1063),
       (8982, 1070),
       (8982, 1076),
       (8982, 1083),
       (8982, 1088),
       (8982, 1095),
       (8982, 1098),
       (8982, 1101),
       (8982, 1102),
       (8982, 1103),
       (8982, 1106),
       (8982, 1131),
       (8982, 1135),
       (8982, 1136),
       (8983, 1047),
       (8983, 1055),
       (8983, 1063),
       (8983, 1076),
       (8983, 1082),
       (8983, 1085),
       (8983, 1089),
       (8983, 1092),
       (8983, 1095),
       (8983, 1099),
       (8983, 1100),
       (8983, 1101),
       (8983, 1105),
       (8983, 1107),
       (8983, 1108),
       (8983, 1109),
       (8983, 1114),
       (8983, 1126),
       (8983, 1141),
       (8983, 1143),
       (8984, 1047),
       (8984, 1058),
       (8984, 1065),
       (8984, 1074),
       (8984, 1076),
       (8984, 1081),
       (8984, 1086),
       (8984, 1089),
       (8984, 1090),
       (8984, 1097),
       (8984, 1111),
       (8984, 1113),
       (8984, 1114),
       (8984, 1122),
       (8984, 1123),
       (8984, 1131),
       (8984, 1134),
       (8984, 1139),
       (8984, 1140),
       (8984, 1141),
       (8985, 1045),
       (8985, 1046),
       (8985, 1052),
       (8985, 1065),
       (8985, 1078),
       (8985, 1079),
       (8985, 1086),
       (8985, 1088),
       (8985, 1094),
       (8985, 1100),
       (8985, 1102),
       (8985, 1105),
       (8985, 1110),
       (8985, 1114),
       (8985, 1116),
       (8985, 1118),
       (8985, 1120),
       (8985, 1125),
       (8985, 1132),
       (8985, 1140),
       (8986, 1052),
       (8986, 1058),
       (8986, 1066),
       (8986, 1067),
       (8986, 1078),
       (8986, 1079),
       (8986, 1081),
       (8986, 1085),
       (8986, 1090),
       (8986, 1099),
       (8986, 1103),
       (8986, 1107),
       (8986, 1109),
       (8986, 1111),
       (8986, 1123),
       (8986, 1125),
       (8986, 1126),
       (8986, 1135),
       (8986, 1136),
       (8986, 1138),
       (8987, 1049),
       (8987, 1055),
       (8987, 1058),
       (8987, 1066),
       (8987, 1070),
       (8987, 1074),
       (8987, 1075),
       (8987, 1079),
       (8987, 1083),
       (8987, 1091),
       (8987, 1102),
       (8987, 1107),
       (8987, 1116),
       (8987, 1120),
       (8987, 1122),
       (8987, 1137),
       (8987, 1138),
       (8987, 1139),
       (8987, 1140),
       (8987, 1143),
       (8988, 1047),
       (8988, 1050),
       (8988, 1051),
       (8988, 1052),
       (8988, 1057),
       (8988, 1064),
       (8988, 1072),
       (8988, 1077),
       (8988, 1079),
       (8988, 1086),
       (8988, 1087),
       (8988, 1089),
       (8988, 1109),
       (8988, 1110),
       (8988, 1115),
       (8988, 1121),
       (8988, 1126),
       (8988, 1134),
       (8988, 1135),
       (8988, 1139),
       (8989, 1051),
       (8989, 1052),
       (8989, 1054),
       (8989, 1055),
       (8989, 1056),
       (8989, 1060),
       (8989, 1084),
       (8989, 1088),
       (8989, 1091),
       (8989, 1092),
       (8989, 1095),
       (8989, 1097),
       (8989, 1098),
       (8989, 1101),
       (8989, 1102),
       (8989, 1123),
       (8989, 1124),
       (8989, 1128),
       (8989, 1138),
       (8989, 1140),
       (8990, 1046),
       (8990, 1048),
       (8990, 1051),
       (8990, 1052),
       (8990, 1059),
       (8990, 1062),
       (8990, 1066),
       (8990, 1071),
       (8990, 1089),
       (8990, 1090),
       (8990, 1097),
       (8990, 1099),
       (8990, 1103),
       (8990, 1112),
       (8990, 1113),
       (8990, 1118),
       (8990, 1124),
       (8990, 1129),
       (8990, 1135),
       (8990, 1136),
       (8991, 871),
       (8991, 1044),
       (8991, 1054),
       (8991, 1073),
       (8991, 1080),
       (8991, 1086),
       (8991, 1088),
       (8991, 1090),
       (8991, 1096),
       (8991, 1100),
       (8991, 1103),
       (8991, 1104),
       (8991, 1105),
       (8991, 1106),
       (8991, 1113),
       (8991, 1118),
       (8991, 1127),
       (8991, 1131),
       (8991, 1136),
       (8991, 1143),
       (8992, 871),
       (8992, 1046),
       (8992, 1054),
       (8992, 1055),
       (8992, 1059),
       (8992, 1076),
       (8992, 1078),
       (8992, 1079),
       (8992, 1080),
       (8992, 1088),
       (8992, 1101),
       (8992, 1105),
       (8992, 1110),
       (8992, 1114),
       (8992, 1115),
       (8992, 1118),
       (8992, 1127),
       (8992, 1132),
       (8992, 1140),
       (8992, 1142),
       (8993, 1045),
       (8993, 1047),
       (8993, 1049),
       (8993, 1054),
       (8993, 1059),
       (8993, 1060),
       (8993, 1067),
       (8993, 1069),
       (8993, 1081),
       (8993, 1084),
       (8993, 1085),
       (8993, 1086),
       (8993, 1087),
       (8993, 1102),
       (8993, 1103),
       (8993, 1116),
       (8993, 1117),
       (8993, 1121),
       (8993, 1130),
       (8993, 1139),
       (8994, 1045),
       (8994, 1051),
       (8994, 1058),
       (8994, 1059),
       (8994, 1065),
       (8994, 1070),
       (8994, 1073),
       (8994, 1074),
       (8994, 1081),
       (8994, 1083),
       (8994, 1090),
       (8994, 1094),
       (8994, 1109),
       (8994, 1111),
       (8994, 1114),
       (8994, 1117),
       (8994, 1119),
       (8994, 1121),
       (8994, 1130),
       (8994, 1132),
       (8995, 1046),
       (8995, 1061),
       (8995, 1071),
       (8995, 1073),
       (8995, 1074),
       (8995, 1085),
       (8995, 1092),
       (8995, 1096),
       (8995, 1099),
       (8995, 1101),
       (8995, 1102),
       (8995, 1103),
       (8995, 1111),
       (8995, 1115),
       (8995, 1116),
       (8995, 1118),
       (8995, 1119),
       (8995, 1128),
       (8995, 1134),
       (8995, 1140),
       (8996, 1053),
       (8996, 1056),
       (8996, 1059),
       (8996, 1069),
       (8996, 1071),
       (8996, 1072),
       (8996, 1076),
       (8996, 1078),
       (8996, 1080),
       (8996, 1081),
       (8996, 1084),
       (8996, 1086),
       (8996, 1099),
       (8996, 1113),
       (8996, 1114),
       (8996, 1118),
       (8996, 1120),
       (8996, 1124),
       (8996, 1131),
       (8996, 1135),
       (8997, 1049),
       (8997, 1054),
       (8997, 1056),
       (8997, 1057),
       (8997, 1060),
       (8997, 1064),
       (8997, 1069),
       (8997, 1071),
       (8997, 1072),
       (8997, 1076),
       (8997, 1092),
       (8997, 1094),
       (8997, 1096),
       (8997, 1098),
       (8997, 1102),
       (8997, 1121),
       (8997, 1125),
       (8997, 1130),
       (8997, 1139),
       (8997, 1141),
       (8998, 1053),
       (8998, 1056),
       (8998, 1059),
       (8998, 1060),
       (8998, 1075),
       (8998, 1086),
       (8998, 1091),
       (8998, 1095),
       (8998, 1100),
       (8998, 1107),
       (8998, 1110),
       (8998, 1123),
       (8998, 1124),
       (8998, 1127),
       (8998, 1129),
       (8998, 1132),
       (8998, 1133),
       (8998, 1135),
       (8998, 1140),
       (8998, 1141),
       (8999, 1044),
       (8999, 1045),
       (8999, 1050),
       (8999, 1051),
       (8999, 1062),
       (8999, 1064),
       (8999, 1068),
       (8999, 1070),
       (8999, 1079),
       (8999, 1081),
       (8999, 1082),
       (8999, 1085),
       (8999, 1100),
       (8999, 1101),
       (8999, 1104),
       (8999, 1108),
       (8999, 1109),
       (8999, 1110),
       (8999, 1123),
       (8999, 1143),
       (9000, 1055),
       (9000, 1056),
       (9000, 1068),
       (9000, 1070),
       (9000, 1075),
       (9000, 1078),
       (9000, 1086),
       (9000, 1092),
       (9000, 1094),
       (9000, 1096),
       (9000, 1097),
       (9000, 1099),
       (9000, 1102),
       (9000, 1103),
       (9000, 1109),
       (9000, 1121),
       (9000, 1129),
       (9000, 1131),
       (9000, 1140),
       (9000, 1142),
       (9001, 1044),
       (9001, 1050),
       (9001, 1054),
       (9001, 1058),
       (9001, 1059),
       (9001, 1060),
       (9001, 1065),
       (9001, 1069),
       (9001, 1073),
       (9001, 1082),
       (9001, 1085),
       (9001, 1087),
       (9001, 1095),
       (9001, 1096),
       (9001, 1104),
       (9001, 1109),
       (9001, 1127),
       (9001, 1129),
       (9001, 1135),
       (9001, 1136),
       (9002, 943),
       (9002, 1048),
       (9002, 1056),
       (9002, 1058),
       (9002, 1060),
       (9002, 1070),
       (9002, 1072),
       (9002, 1077),
       (9002, 1078),
       (9002, 1089),
       (9002, 1090),
       (9002, 1108),
       (9002, 1113),
       (9002, 1115),
       (9002, 1117),
       (9002, 1124),
       (9002, 1129),
       (9002, 1130),
       (9002, 1131),
       (9002, 1142),
       (9003, 1051),
       (9003, 1052),
       (9003, 1057),
       (9003, 1063),
       (9003, 1066),
       (9003, 1067),
       (9003, 1074),
       (9003, 1076),
       (9003, 1084),
       (9003, 1086),
       (9003, 1087),
       (9003, 1100),
       (9003, 1103),
       (9003, 1109),
       (9003, 1110),
       (9003, 1111),
       (9003, 1119),
       (9003, 1123),
       (9003, 1124),
       (9003, 1140),
       (9004, 871),
       (9004, 1053),
       (9004, 1062),
       (9004, 1066),
       (9004, 1067),
       (9004, 1068),
       (9004, 1076),
       (9004, 1098),
       (9004, 1101),
       (9004, 1113),
       (9004, 1115),
       (9004, 1119),
       (9004, 1121),
       (9004, 1128),
       (9004, 1131),
       (9004, 1132),
       (9004, 1133),
       (9004, 1137),
       (9004, 1138),
       (9004, 1142),
       (9005, 871),
       (9005, 943),
       (9005, 1044),
       (9005, 1049),
       (9005, 1054),
       (9005, 1061),
       (9005, 1073),
       (9005, 1075),
       (9005, 1076),
       (9005, 1077),
       (9005, 1082),
       (9005, 1085),
       (9005, 1092),
       (9005, 1099),
       (9005, 1101),
       (9005, 1109),
       (9005, 1110),
       (9005, 1138),
       (9005, 1139),
       (9005, 1143),
       (9006, 1060),
       (9006, 1061),
       (9006, 1068),
       (9006, 1071),
       (9006, 1072),
       (9006, 1073),
       (9006, 1079),
       (9006, 1082),
       (9006, 1083),
       (9006, 1086),
       (9006, 1087),
       (9006, 1091),
       (9006, 1094),
       (9006, 1104),
       (9006, 1121),
       (9006, 1130),
       (9006, 1131),
       (9006, 1132),
       (9006, 1133),
       (9006, 1137),
       (9007, 1048),
       (9007, 1052),
       (9007, 1063),
       (9007, 1065),
       (9007, 1066),
       (9007, 1067),
       (9007, 1072),
       (9007, 1087),
       (9007, 1094),
       (9007, 1097),
       (9007, 1100),
       (9007, 1105),
       (9007, 1109),
       (9007, 1110),
       (9007, 1114),
       (9007, 1120),
       (9007, 1127),
       (9007, 1128),
       (9007, 1134),
       (9007, 1143),
       (9008, 1044),
       (9008, 1045),
       (9008, 1054),
       (9008, 1058),
       (9008, 1061),
       (9008, 1070),
       (9008, 1071),
       (9008, 1077),
       (9008, 1086),
       (9008, 1093),
       (9008, 1095),
       (9008, 1096),
       (9008, 1107),
       (9008, 1109),
       (9008, 1113),
       (9008, 1116),
       (9008, 1122),
       (9008, 1127),
       (9008, 1133),
       (9008, 1140),
       (9009, 943),
       (9009, 1045),
       (9009, 1052),
       (9009, 1056),
       (9009, 1059),
       (9009, 1060),
       (9009, 1061),
       (9009, 1064),
       (9009, 1068),
       (9009, 1075),
       (9009, 1076),
       (9009, 1090),
       (9009, 1094),
       (9009, 1095),
       (9009, 1115),
       (9009, 1125),
       (9009, 1131),
       (9009, 1132),
       (9009, 1140),
       (9009, 1142),
       (9010, 871),
       (9010, 1049),
       (9010, 1050),
       (9010, 1052),
       (9010, 1054),
       (9010, 1062),
       (9010, 1067),
       (9010, 1069),
       (9010, 1071),
       (9010, 1074),
       (9010, 1087),
       (9010, 1103),
       (9010, 1112),
       (9010, 1120),
       (9010, 1126),
       (9010, 1127),
       (9010, 1136),
       (9010, 1137),
       (9010, 1142),
       (9010, 1143),
       (9011, 943),
       (9011, 1047),
       (9011, 1048),
       (9011, 1049),
       (9011, 1051),
       (9011, 1060),
       (9011, 1067),
       (9011, 1069),
       (9011, 1074),
       (9011, 1076),
       (9011, 1080),
       (9011, 1086),
       (9011, 1090),
       (9011, 1093),
       (9011, 1100),
       (9011, 1121),
       (9011, 1127),
       (9011, 1128),
       (9011, 1131),
       (9011, 1139),
       (9012, 1044),
       (9012, 1046),
       (9012, 1047),
       (9012, 1054),
       (9012, 1056),
       (9012, 1069),
       (9012, 1072),
       (9012, 1074),
       (9012, 1077),
       (9012, 1091),
       (9012, 1096),
       (9012, 1104),
       (9012, 1107),
       (9012, 1108),
       (9012, 1113),
       (9012, 1126),
       (9012, 1131),
       (9012, 1134),
       (9012, 1137),
       (9012, 1140),
       (9013, 871),
       (9013, 1050),
       (9013, 1051),
       (9013, 1056),
       (9013, 1060),
       (9013, 1063),
       (9013, 1067),
       (9013, 1088),
       (9013, 1091),
       (9013, 1095),
       (9013, 1096),
       (9013, 1100),
       (9013, 1108),
       (9013, 1113),
       (9013, 1114),
       (9013, 1120),
       (9013, 1127),
       (9013, 1129),
       (9013, 1134),
       (9013, 1143),
       (9014, 871),
       (9014, 1047),
       (9014, 1050),
       (9014, 1051),
       (9014, 1055),
       (9014, 1065),
       (9014, 1092),
       (9014, 1093),
       (9014, 1094),
       (9014, 1101),
       (9014, 1104),
       (9014, 1105),
       (9014, 1108),
       (9014, 1118),
       (9014, 1122),
       (9014, 1123),
       (9014, 1130),
       (9014, 1132),
       (9014, 1133),
       (9014, 1135),
       (9015, 871),
       (9015, 1046),
       (9015, 1065),
       (9015, 1072),
       (9015, 1076),
       (9015, 1078),
       (9015, 1087),
       (9015, 1093),
       (9015, 1097),
       (9015, 1105),
       (9015, 1108),
       (9015, 1115),
       (9015, 1116),
       (9015, 1119),
       (9015, 1122),
       (9015, 1129),
       (9015, 1132),
       (9015, 1134),
       (9015, 1137),
       (9015, 1140),
       (9016, 943),
       (9016, 1050),
       (9016, 1053),
       (9016, 1059),
       (9016, 1070),
       (9016, 1081),
       (9016, 1094),
       (9016, 1099),
       (9016, 1103),
       (9016, 1104),
       (9016, 1107),
       (9016, 1114),
       (9016, 1115),
       (9016, 1118),
       (9016, 1123),
       (9016, 1124),
       (9016, 1125),
       (9016, 1128),
       (9016, 1129),
       (9016, 1137),
       (9017, 1044),
       (9017, 1046),
       (9017, 1056),
       (9017, 1058),
       (9017, 1075),
       (9017, 1076),
       (9017, 1086),
       (9017, 1088),
       (9017, 1092),
       (9017, 1094),
       (9017, 1099),
       (9017, 1109),
       (9017, 1110),
       (9017, 1111),
       (9017, 1115),
       (9017, 1125),
       (9017, 1131),
       (9017, 1132),
       (9017, 1136),
       (9017, 1138),
       (9018, 1046),
       (9018, 1053),
       (9018, 1054),
       (9018, 1069),
       (9018, 1074),
       (9018, 1076),
       (9018, 1077),
       (9018, 1080),
       (9018, 1086),
       (9018, 1089),
       (9018, 1092),
       (9018, 1095),
       (9018, 1099),
       (9018, 1104),
       (9018, 1105),
       (9018, 1113),
       (9018, 1115),
       (9018, 1121),
       (9018, 1133),
       (9018, 1136),
       (9019, 943),
       (9019, 1049),
       (9019, 1051),
       (9019, 1054),
       (9019, 1065),
       (9019, 1074),
       (9019, 1075),
       (9019, 1082),
       (9019, 1083),
       (9019, 1088),
       (9019, 1102),
       (9019, 1103),
       (9019, 1110),
       (9019, 1117),
       (9019, 1123),
       (9019, 1125),
       (9019, 1129),
       (9019, 1134),
       (9019, 1135),
       (9019, 1140),
       (9020, 1049),
       (9020, 1052),
       (9020, 1058),
       (9020, 1059),
       (9020, 1061),
       (9020, 1064),
       (9020, 1071),
       (9020, 1072),
       (9020, 1074),
       (9020, 1077),
       (9020, 1078),
       (9020, 1079),
       (9020, 1084),
       (9020, 1095),
       (9020, 1098),
       (9020, 1105),
       (9020, 1118),
       (9020, 1132),
       (9020, 1138),
       (9020, 1140),
       (9021, 1044),
       (9021, 1048),
       (9021, 1055),
       (9021, 1065),
       (9021, 1066),
       (9021, 1070),
       (9021, 1072),
       (9021, 1075),
       (9021, 1077),
       (9021, 1085),
       (9021, 1090),
       (9021, 1096),
       (9021, 1097),
       (9021, 1111),
       (9021, 1116),
       (9021, 1118),
       (9021, 1131),
       (9021, 1133),
       (9021, 1135),
       (9021, 1139),
       (9022, 943),
       (9022, 1044),
       (9022, 1051),
       (9022, 1053),
       (9022, 1062),
       (9022, 1066),
       (9022, 1068),
       (9022, 1070),
       (9022, 1084),
       (9022, 1087),
       (9022, 1088),
       (9022, 1091),
       (9022, 1094),
       (9022, 1095),
       (9022, 1097),
       (9022, 1103),
       (9022, 1116),
       (9022, 1118),
       (9022, 1130),
       (9022, 1136),
       (9023, 871),
       (9023, 1046),
       (9023, 1051),
       (9023, 1055),
       (9023, 1061),
       (9023, 1067),
       (9023, 1070),
       (9023, 1072),
       (9023, 1074),
       (9023, 1082),
       (9023, 1085),
       (9023, 1094),
       (9023, 1095),
       (9023, 1096),
       (9023, 1097),
       (9023, 1099),
       (9023, 1115),
       (9023, 1118),
       (9023, 1121),
       (9023, 1133),
       (9024, 943),
       (9024, 1048),
       (9024, 1052),
       (9024, 1060),
       (9024, 1065),
       (9024, 1073),
       (9024, 1075),
       (9024, 1085),
       (9024, 1087),
       (9024, 1090),
       (9024, 1093),
       (9024, 1103),
       (9024, 1105),
       (9024, 1106),
       (9024, 1120),
       (9024, 1127),
       (9024, 1128),
       (9024, 1130),
       (9024, 1134),
       (9024, 1137),
       (9025, 1044),
       (9025, 1050),
       (9025, 1052),
       (9025, 1055),
       (9025, 1068),
       (9025, 1078),
       (9025, 1079),
       (9025, 1080),
       (9025, 1083),
       (9025, 1087),
       (9025, 1099),
       (9025, 1103),
       (9025, 1115),
       (9025, 1116),
       (9025, 1122),
       (9025, 1126),
       (9025, 1130),
       (9025, 1133),
       (9025, 1140),
       (9025, 1143),
       (9026, 943),
       (9026, 1045),
       (9026, 1048),
       (9026, 1053),
       (9026, 1055),
       (9026, 1058),
       (9026, 1059),
       (9026, 1061),
       (9026, 1063),
       (9026, 1077),
       (9026, 1093),
       (9026, 1101),
       (9026, 1103),
       (9026, 1104),
       (9026, 1120),
       (9026, 1127),
       (9026, 1128),
       (9026, 1135),
       (9026, 1137),
       (9026, 1140),
       (9027, 943),
       (9027, 1047),
       (9027, 1048),
       (9027, 1051),
       (9027, 1052),
       (9027, 1054),
       (9027, 1058),
       (9027, 1075),
       (9027, 1078),
       (9027, 1081),
       (9027, 1085),
       (9027, 1086),
       (9027, 1089),
       (9027, 1091),
       (9027, 1102),
       (9027, 1104),
       (9027, 1108),
       (9027, 1111),
       (9027, 1118),
       (9027, 1125),
       (9028, 871),
       (9028, 1059),
       (9028, 1067),
       (9028, 1077),
       (9028, 1079),
       (9028, 1081),
       (9028, 1082),
       (9028, 1083),
       (9028, 1087),
       (9028, 1090),
       (9028, 1095),
       (9028, 1100),
       (9028, 1101),
       (9028, 1106),
       (9028, 1108),
       (9028, 1115),
       (9028, 1122),
       (9028, 1126),
       (9028, 1137),
       (9028, 1141),
       (9029, 943),
       (9029, 1050),
       (9029, 1059),
       (9029, 1060),
       (9029, 1065),
       (9029, 1069),
       (9029, 1070),
       (9029, 1073),
       (9029, 1084),
       (9029, 1086),
       (9029, 1093),
       (9029, 1101),
       (9029, 1105),
       (9029, 1117),
       (9029, 1118),
       (9029, 1123),
       (9029, 1128),
       (9029, 1129),
       (9029, 1132),
       (9029, 1141),
       (9030, 871),
       (9030, 1050),
       (9030, 1052),
       (9030, 1057),
       (9030, 1062),
       (9030, 1064),
       (9030, 1071),
       (9030, 1081),
       (9030, 1084),
       (9030, 1085),
       (9030, 1086),
       (9030, 1090),
       (9030, 1091),
       (9030, 1107),
       (9030, 1116),
       (9030, 1124),
       (9030, 1126),
       (9030, 1128),
       (9030, 1132),
       (9030, 1143),
       (9031, 1045),
       (9031, 1049),
       (9031, 1062),
       (9031, 1065),
       (9031, 1067),
       (9031, 1068),
       (9031, 1070),
       (9031, 1082),
       (9031, 1083),
       (9031, 1087),
       (9031, 1093),
       (9031, 1096),
       (9031, 1103),
       (9031, 1106),
       (9031, 1107),
       (9031, 1110),
       (9031, 1117),
       (9031, 1124),
       (9031, 1134),
       (9031, 1140),
       (9032, 1048),
       (9032, 1050),
       (9032, 1057),
       (9032, 1061),
       (9032, 1072),
       (9032, 1073),
       (9032, 1080),
       (9032, 1082),
       (9032, 1091),
       (9032, 1092),
       (9032, 1093),
       (9032, 1094),
       (9032, 1096),
       (9032, 1105),
       (9032, 1107),
       (9032, 1114),
       (9032, 1116),
       (9032, 1121),
       (9032, 1127),
       (9032, 1137),
       (9033, 943),
       (9033, 1055),
       (9033, 1059),
       (9033, 1061),
       (9033, 1066),
       (9033, 1077),
       (9033, 1086),
       (9033, 1087),
       (9033, 1091),
       (9033, 1093),
       (9033, 1103),
       (9033, 1110),
       (9033, 1113),
       (9033, 1116),
       (9033, 1118),
       (9033, 1123),
       (9033, 1127),
       (9033, 1135),
       (9033, 1137),
       (9033, 1138),
       (9034, 943),
       (9034, 1048),
       (9034, 1050),
       (9034, 1059),
       (9034, 1062),
       (9034, 1064),
       (9034, 1076),
       (9034, 1081),
       (9034, 1083),
       (9034, 1092),
       (9034, 1098),
       (9034, 1102),
       (9034, 1105),
       (9034, 1108),
       (9034, 1110),
       (9034, 1116),
       (9034, 1122),
       (9034, 1125),
       (9034, 1134),
       (9034, 1136),
       (9035, 1051),
       (9035, 1052),
       (9035, 1059),
       (9035, 1063),
       (9035, 1066),
       (9035, 1072),
       (9035, 1081),
       (9035, 1082),
       (9035, 1086),
       (9035, 1088),
       (9035, 1090),
       (9035, 1092),
       (9035, 1107),
       (9035, 1114),
       (9035, 1118),
       (9035, 1120),
       (9035, 1127),
       (9035, 1132),
       (9035, 1138),
       (9035, 1141),
       (9036, 1045),
       (9036, 1047),
       (9036, 1050),
       (9036, 1060),
       (9036, 1061),
       (9036, 1064),
       (9036, 1071),
       (9036, 1075),
       (9036, 1080),
       (9036, 1089),
       (9036, 1093),
       (9036, 1094),
       (9036, 1095),
       (9036, 1098),
       (9036, 1102),
       (9036, 1115),
       (9036, 1118),
       (9036, 1120),
       (9036, 1126),
       (9036, 1143),
       (9037, 1048),
       (9037, 1062),
       (9037, 1068),
       (9037, 1071),
       (9037, 1072),
       (9037, 1084),
       (9037, 1086),
       (9037, 1088),
       (9037, 1093),
       (9037, 1096),
       (9037, 1100),
       (9037, 1101),
       (9037, 1103),
       (9037, 1104),
       (9037, 1117),
       (9037, 1119),
       (9037, 1127),
       (9037, 1136),
       (9037, 1137),
       (9037, 1140),
       (9038, 1045),
       (9038, 1059),
       (9038, 1069),
       (9038, 1072),
       (9038, 1074),
       (9038, 1076),
       (9038, 1077),
       (9038, 1079),
       (9038, 1083),
       (9038, 1087),
       (9038, 1096),
       (9038, 1099),
       (9038, 1101),
       (9038, 1102),
       (9038, 1111),
       (9038, 1124),
       (9038, 1125),
       (9038, 1131),
       (9038, 1137),
       (9038, 1139),
       (9039, 871),
       (9039, 1067),
       (9039, 1068),
       (9039, 1069),
       (9039, 1070),
       (9039, 1085),
       (9039, 1086),
       (9039, 1099),
       (9039, 1100),
       (9039, 1102),
       (9039, 1106),
       (9039, 1117),
       (9039, 1119),
       (9039, 1121),
       (9039, 1123),
       (9039, 1136),
       (9039, 1137),
       (9039, 1140),
       (9039, 1142),
       (9039, 1143),
       (9040, 1059),
       (9040, 1060),
       (9040, 1062),
       (9040, 1063),
       (9040, 1066),
       (9040, 1071),
       (9040, 1087),
       (9040, 1094),
       (9040, 1095),
       (9040, 1101),
       (9040, 1106),
       (9040, 1109),
       (9040, 1112),
       (9040, 1116),
       (9040, 1121),
       (9040, 1126),
       (9040, 1129),
       (9040, 1132),
       (9040, 1133),
       (9040, 1143),
       (9041, 1044),
       (9041, 1047),
       (9041, 1054),
       (9041, 1055),
       (9041, 1056),
       (9041, 1057),
       (9041, 1058),
       (9041, 1071),
       (9041, 1077),
       (9041, 1081),
       (9041, 1082),
       (9041, 1088),
       (9041, 1089),
       (9041, 1095),
       (9041, 1100),
       (9041, 1107),
       (9041, 1116),
       (9041, 1123),
       (9041, 1132),
       (9041, 1137),
       (9042, 1052),
       (9042, 1055),
       (9042, 1060),
       (9042, 1061),
       (9042, 1065),
       (9042, 1067),
       (9042, 1074),
       (9042, 1080),
       (9042, 1081),
       (9042, 1091),
       (9042, 1100),
       (9042, 1107),
       (9042, 1115),
       (9042, 1118),
       (9042, 1121),
       (9042, 1122),
       (9042, 1132),
       (9042, 1135),
       (9042, 1136),
       (9042, 1138),
       (9043, 1047),
       (9043, 1048),
       (9043, 1054),
       (9043, 1055),
       (9043, 1058),
       (9043, 1061),
       (9043, 1067),
       (9043, 1075),
       (9043, 1079),
       (9043, 1082),
       (9043, 1083),
       (9043, 1105),
       (9043, 1109),
       (9043, 1113),
       (9043, 1115),
       (9043, 1116),
       (9043, 1128),
       (9043, 1130),
       (9043, 1134),
       (9043, 1136),
       (9044, 1053),
       (9044, 1055),
       (9044, 1056),
       (9044, 1057),
       (9044, 1060),
       (9044, 1063),
       (9044, 1066),
       (9044, 1068),
       (9044, 1069),
       (9044, 1077),
       (9044, 1081),
       (9044, 1104),
       (9044, 1116),
       (9044, 1122),
       (9044, 1123),
       (9044, 1127),
       (9044, 1128),
       (9044, 1129),
       (9044, 1136),
       (9044, 1143),
       (9045, 1049),
       (9045, 1050),
       (9045, 1062),
       (9045, 1070),
       (9045, 1071),
       (9045, 1078),
       (9045, 1079),
       (9045, 1081),
       (9045, 1084),
       (9045, 1089),
       (9045, 1093),
       (9045, 1095),
       (9045, 1099),
       (9045, 1105),
       (9045, 1108),
       (9045, 1112),
       (9045, 1124),
       (9045, 1126),
       (9045, 1131),
       (9045, 1139),
       (9046, 1055),
       (9046, 1071),
       (9046, 1072),
       (9046, 1078),
       (9046, 1084),
       (9046, 1088),
       (9046, 1090),
       (9046, 1095),
       (9046, 1108),
       (9046, 1116),
       (9046, 1117),
       (9046, 1121),
       (9046, 1124),
       (9046, 1125),
       (9046, 1126),
       (9046, 1130),
       (9046, 1131),
       (9046, 1135),
       (9046, 1136),
       (9046, 1143),
       (9047, 1051),
       (9047, 1060),
       (9047, 1064),
       (9047, 1066),
       (9047, 1068),
       (9047, 1072),
       (9047, 1073),
       (9047, 1081),
       (9047, 1085),
       (9047, 1091),
       (9047, 1092),
       (9047, 1093),
       (9047, 1096),
       (9047, 1101),
       (9047, 1107),
       (9047, 1108),
       (9047, 1115),
       (9047, 1120),
       (9047, 1124),
       (9047, 1142),
       (9048, 1052),
       (9048, 1057),
       (9048, 1060),
       (9048, 1067),
       (9048, 1075),
       (9048, 1080),
       (9048, 1096),
       (9048, 1099),
       (9048, 1102),
       (9048, 1107),
       (9048, 1109),
       (9048, 1111),
       (9048, 1112),
       (9048, 1117),
       (9048, 1120),
       (9048, 1127),
       (9048, 1132),
       (9048, 1134),
       (9048, 1135),
       (9048, 1142),
       (9049, 871),
       (9049, 943),
       (9049, 1045),
       (9049, 1050),
       (9049, 1059),
       (9049, 1071),
       (9049, 1076),
       (9049, 1077),
       (9049, 1080),
       (9049, 1085),
       (9049, 1087),
       (9049, 1091),
       (9049, 1096),
       (9049, 1098),
       (9049, 1103),
       (9049, 1106),
       (9049, 1107),
       (9049, 1109),
       (9049, 1130),
       (9049, 1138);

--
-- Indexes for dumped tables
--

--
-- Indexes for table `companies`
--
ALTER TABLE `companies`
  ADD PRIMARY KEY (`company_id`),
  ADD UNIQUE KEY `name` (`name`);

--
-- Indexes for table `company_coupon`
--
ALTER TABLE `company_coupon`
  ADD PRIMARY KEY (`company_id`, `coupon_id`),
  ADD KEY `coupon_id` (`coupon_id`);

--
-- Indexes for table `coupons`
--
ALTER TABLE `coupons`
  ADD PRIMARY KEY (`coupon_id`);

--
-- Indexes for table `customers`
--
ALTER TABLE `customers`
  ADD PRIMARY KEY (`customer_id`),
  ADD UNIQUE KEY `name` (`name`);

--
-- Indexes for table `customer_coupon`
--
ALTER TABLE `customer_coupon`
  ADD PRIMARY KEY (`customer_id`, `coupon_id`),
  ADD KEY `coupon_id` (`coupon_id`);

--
-- AUTO_INCREMENT for dumped tables
--

--
-- AUTO_INCREMENT for table `companies`
--
ALTER TABLE `companies`
  MODIFY `company_id` int(5) NOT NULL AUTO_INCREMENT,
  AUTO_INCREMENT = 2969;

--
-- AUTO_INCREMENT for table `coupons`
--
ALTER TABLE `coupons`
  MODIFY `coupon_id` int(5) NOT NULL AUTO_INCREMENT,
  AUTO_INCREMENT = 1144;

--
-- AUTO_INCREMENT for table `customers`
--
ALTER TABLE `customers`
  MODIFY `customer_id` int(5) NOT NULL AUTO_INCREMENT,
  AUTO_INCREMENT = 9050;

--
-- Constraints for dumped tables
--

--
-- Constraints for table `company_coupon`
--
ALTER TABLE `company_coupon`
  ADD CONSTRAINT `company_coupon_ibfk_1` FOREIGN KEY (`company_id`) REFERENCES `companies` (`company_id`),
  ADD CONSTRAINT `company_coupon_ibfk_2` FOREIGN KEY (`coupon_id`) REFERENCES `coupons` (`coupon_id`);

--
-- Constraints for table `customer_coupon`
--
ALTER TABLE `customer_coupon`
  ADD CONSTRAINT `customer_coupon_ibfk_1` FOREIGN KEY (`customer_id`) REFERENCES `customers` (`customer_id`),
  ADD CONSTRAINT `customer_coupon_ibfk_2` FOREIGN KEY (`coupon_id`) REFERENCES `coupons` (`coupon_id`);
COMMIT;